id,anchorID,tagID,sequenceID,pan,processed_flag,timestampToA,Timestamp ToA,timestampToA_clean,timestampToA_missing_ind,Timestamp ToA_clean,Timestamp ToA_missing_ind,wrap_count,Timestamp ToA_unwrapped,timestampToA_unwrapped
1,ANCH0001,TAG00001,0,0,1,728480000000.0,728480463493,728480000000.0,0,728480463493.0,0,0,728480463493.0,728480000000.0
2,ANCH0004,TAG00001,0,0,1,728480000000.0,728480463235,728480000000.0,0,728480463235.0,0,0,728480463235.0,728480000000.0
3,ANCH0002,TAG00001,0,0,1,728480000000.0,728480462804,728480000000.0,0,728480462804.0,0,0,728480462804.0,728480000000.0
4,ANCH0003,TAG00001,0,0,1,728480000000.0,728480463013,728480000000.0,0,728480463013.0,0,0,728480463013.0,728480000000.0
5,ANCH0001,TAG00001,1,0,1,759054000000.0,759053775951,759054000000.0,0,759053775951.0,0,0,759053775951.0,759054000000.0
6,ANCH0004,TAG00001,1,0,1,759054000000.0,759053775656,759054000000.0,0,759053775656.0,0,0,759053775656.0,759054000000.0
7,ANCH0002,TAG00001,1,0,1,759054000000.0,759053775204,759054000000.0,0,759053775204.0,0,0,759053775204.0,759054000000.0
8,ANCH0003,TAG00001,1,0,1,759054000000.0,759053775374,759054000000.0,0,759053775374.0,0,0,759053775374.0,759054000000.0
9,ANCH0001,TAG00001,2,0,1,773513000000.0,773512892482,773513000000.0,0,773512892482.0,0,0,773512892482.0,773513000000.0
10,ANCH0002,TAG00001,2,0,1,773513000000.0,773512891727,773513000000.0,0,773512891727.0,0,0,773512891727.0,773513000000.0
11,ANCH0001,TAG00001,3,0,1,794137000000.0,794136559076,794137000000.0,0,794136559076.0,0,0,794136559076.0,794137000000.0
12,ANCH0003,TAG00001,2,0,1,773513000000.0,773512891902,773513000000.0,0,773512891902.0,0,0,773512891902.0,773513000000.0
13,ANCH0001,TAG00001,4,0,1,809604000000.0,809603984772,809604000000.0,0,809603984772.0,0,0,809603984772.0,809604000000.0
14,ANCH0004,TAG00001,2,0,1,773513000000.0,773512892177,773513000000.0,0,773512892177.0,0,0,773512892177.0,773513000000.0
15,ANCH0004,TAG00001,3,0,1,794137000000.0,794136558778,794137000000.0,0,794136558778.0,0,0,794136558778.0,794137000000.0
16,ANCH0004,TAG00001,4,0,1,809604000000.0,809603984489,809604000000.0,0,809603984489.0,0,0,809603984489.0,809604000000.0
17,ANCH0001,TAG00001,5,0,1,819914000000.0,819914078159,819914000000.0,0,819914078159.0,0,0,819914078159.0,819914000000.0
18,ANCH0004,TAG00001,5,0,1,819914000000.0,819914077881,819914000000.0,0,819914077881.0,0,0,819914077881.0,819914000000.0
19,ANCH0002,TAG00001,3,0,1,794137000000.0,794136558338,794137000000.0,0,794136558338.0,0,0,794136558338.0,794137000000.0
20,ANCH0002,TAG00001,4,0,1,809604000000.0,809603984067,809604000000.0,0,809603984067.0,0,0,809603984067.0,809604000000.0
21,ANCH0002,TAG00001,5,0,1,819914000000.0,819914077479,819914000000.0,0,819914077479.0,0,0,819914077479.0,819914000000.0
22,ANCH0003,TAG00001,4,0,1,809604000000.0,809603984252,809604000000.0,0,809603984252.0,0,0,809603984252.0,809604000000.0
23,ANCH0003,TAG00001,5,0,1,819914000000.0,819914077648,819914000000.0,0,819914077648.0,0,0,819914077648.0,819914000000.0
24,ANCH0004,TAG00001,6,0,1,851885000000.0,851884576636,851885000000.0,0,851884576636.0,0,0,851884576636.0,851885000000.0
25,ANCH0002,TAG00001,6,0,1,851885000000.0,851884576216,851885000000.0,0,851884576216.0,0,0,851884576216.0,851885000000.0
26,ANCH0003,TAG00001,6,0,1,851885000000.0,851884576320,851885000000.0,0,851884576320.0,0,0,851884576320.0,851885000000.0
27,ANCH0002,TAG00001,7,0,1,882659000000.0,882658880017,882659000000.0,0,882658880017.0,0,0,882658880017.0,882659000000.0
28,ANCH0002,TAG00001,8,0,1,897254000000.0,897254260041,897254000000.0,0,897254260041.0,0,0,897254260041.0,897254000000.0
29,ANCH0003,TAG00001,7,0,1,882659000000.0,882658880142,882659000000.0,0,882658880142.0,0,0,882658880142.0,882659000000.0
30,ANCH0004,TAG00001,7,0,1,882659000000.0,882658880409,882659000000.0,0,882658880409.0,0,0,882658880409.0,882659000000.0
31,ANCH0003,TAG00001,8,0,1,897254000000.0,897254260185,897254000000.0,0,897254260185.0,0,0,897254260185.0,897254000000.0
32,ANCH0004,TAG00001,8,0,1,897254000000.0,897254260486,897254000000.0,0,897254260486.0,0,0,897254260486.0,897254000000.0
33,ANCH0001,TAG00001,9,0,1,912724000000.0,912724488280,912724000000.0,0,912724488280.0,0,0,912724488280.0,912724000000.0
34,ANCH0004,TAG00001,9,0,1,912724000000.0,912724488038,912724000000.0,0,912724488038.0,0,0,912724488038.0,912724000000.0
35,ANCH0002,TAG00001,9,0,1,912724000000.0,912724487605,912724000000.0,0,912724487605.0,0,0,912724487605.0,912724000000.0
36,ANCH0003,TAG00001,9,0,1,912724000000.0,912724487723,912724000000.0,0,912724487723.0,0,0,912724487723.0,912724000000.0
37,ANCH0003,TAG00001,10,0,1,944422000000.0,944421880011,944422000000.0,0,944421880011.0,0,0,944421880011.0,944422000000.0
38,ANCH0004,TAG00001,10,0,1,944422000000.0,944421880312,944422000000.0,0,944421880312.0,0,0,944421880312.0,944422000000.0
39,ANCH0002,TAG00001,10,0,1,944422000000.0,944421879895,944422000000.0,0,944421879895.0,0,0,944421879895.0,944422000000.0
40,ANCH0004,TAG00001,11,0,1,975477000000.0,975477482195,975477000000.0,0,975477482195.0,0,0,975477482195.0,975477000000.0
41,ANCH0002,TAG00001,11,0,1,975477000000.0,975477481791,975477000000.0,0,975477481791.0,0,0,975477481791.0,975477000000.0
42,ANCH0001,TAG00001,12,0,1,1005930000000.0,1005932754907,1005930000000.0,0,1005932754907.0,0,0,1005932754907.0,1005930000000.0
43,ANCH0002,TAG00001,12,0,1,1005930000000.0,1005932754260,1005930000000.0,0,1005932754260.0,0,0,1005932754260.0,1005930000000.0
44,ANCH0003,TAG00001,12,0,1,1005930000000.0,1005932754381,1005930000000.0,0,1005932754381.0,0,0,1005932754381.0,1005930000000.0
45,ANCH0004,TAG00001,12,0,1,1005930000000.0,1005932754668,1005930000000.0,0,1005932754668.0,0,0,1005932754668.0,1005930000000.0
46,ANCH0002,TAG00001,13,0,1,1036990000000.0,1036987563020,1036990000000.0,0,1036987563020.0,0,0,1036987563020.0,1036990000000.0
47,ANCH0004,TAG00001,13,0,1,1036990000000.0,1036987563457,1036990000000.0,0,1036987563457.0,0,0,1036987563457.0,1036990000000.0
48,ANCH0003,TAG00001,13,0,1,1036990000000.0,1036987563162,1036990000000.0,0,1036987563162.0,0,0,1036987563162.0,1036990000000.0
49,ANCH0001,TAG00001,14,0,1,1067440000000.0,1067440554270,1067440000000.0,0,1067440554270.0,0,0,1067440554270.0,1067440000000.0
50,ANCH0003,TAG00001,14,0,1,1067440000000.0,1067440553726,1067440000000.0,0,1067440553726.0,0,0,1067440553726.0,1067440000000.0
51,ANCH0004,TAG00001,14,0,1,1067440000000.0,1067440554022,1067440000000.0,0,1067440554022.0,0,0,1067440554022.0,1067440000000.0
52,ANCH0002,TAG00001,14,0,1,1067440000000.0,1067440553618,1067440000000.0,0,1067440553618.0,0,0,1067440553618.0,1067440000000.0
53,ANCH0001,TAG00001,15,0,1,1099420000000.0,1099419460081,1099420000000.0,0,1099419460081.0,0,0,1099419460081.0,1099420000000.0
54,ANCH0004,TAG00001,15,0,1,9.22337e+18,9223372036854770000,,1,,1,0,,
55,ANCH0003,TAG00001,15,0,1,9.22337e+18,9223372036854770000,,1,,1,0,,
56,ANCH0002,TAG00001,15,0,1,9.22337e+18,9223372036854770000,,1,,1,0,,
57,ANCH0001,TAG00001,16,0,1,60107040940.0,60107040940,60107040940.0,0,60107040940.0,0,1,1159618668716.0,1159618668716.0
58,ANCH0003,TAG00001,16,0,1,60107040387.0,60107040387,60107040387.0,0,60107040387.0,0,1,1159618668163.0,1159618668163.0
59,ANCH0004,TAG00001,16,0,1,60107040666.0,60107040666,60107040666.0,0,60107040666.0,0,1,1159618668442.0,1159618668442.0
60,ANCH0002,TAG00001,16,0,1,60107040230.0,60107040230,60107040230.0,0,60107040230.0,0,1,1159618668006.0,1159618668006.0
61,ANCH0001,TAG00001,17,0,1,123367000000.0,123367151575,123367000000.0,0,123367151575.0,0,1,1222878779351.0,1222878627776.0
62,ANCH0002,TAG00001,17,0,1,123367000000.0,123367150931,123367000000.0,0,123367150931.0,0,1,1222878778707.0,1222878627776.0
63,ANCH0004,TAG00001,17,0,1,123367000000.0,123367151318,123367000000.0,0,123367151318.0,0,1,1222878779094.0,1222878627776.0
64,ANCH0001,TAG00001,18,0,1,138057000000.0,138057139857,138057000000.0,0,138057139857.0,0,1,1237568767633.0,1237568627776.0
65,ANCH0004,TAG00001,18,0,1,138057000000.0,138057139598,138057000000.0,0,138057139598.0,0,1,1237568767374.0,1237568627776.0
66,ANCH0002,TAG00001,18,0,1,138057000000.0,138057139216,138057000000.0,0,138057139216.0,0,1,1237568766992.0,1237568627776.0
67,ANCH0003,TAG00001,17,0,1,123367000000.0,123367151041,123367000000.0,0,123367151041.0,0,1,1222878778817.0,1222878627776.0
68,ANCH0003,TAG00001,18,0,1,138057000000.0,138057139309,138057000000.0,0,138057139309.0,0,1,1237568767085.0,1237568627776.0
69,ANCH0001,TAG00001,19,0,1,168528000000.0,168528186496,168528000000.0,0,168528186496.0,0,1,1268039814272.0,1268039627776.0
70,ANCH0003,TAG00001,19,0,1,168528000000.0,168528185956,168528000000.0,0,168528185956.0,0,1,1268039813732.0,1268039627776.0
71,ANCH0002,TAG00001,19,0,1,168528000000.0,168528185832,168528000000.0,0,168528185832.0,0,1,1268039813608.0,1268039627776.0
72,ANCH0004,TAG00001,19,0,1,168528000000.0,168528186227,168528000000.0,0,168528186227.0,0,1,1268039814003.0,1268039627776.0
73,ANCH0001,TAG00001,20,0,1,199899000000.0,199899443109,199899000000.0,0,199899443109.0,0,1,1299411070885.0,1299410627776.0
74,ANCH0004,TAG00001,20,0,1,199899000000.0,199899442850,199899000000.0,0,199899442850.0,0,1,1299411070626.0,1299410627776.0
75,ANCH0003,TAG00001,20,0,1,199899000000.0,199899442540,199899000000.0,0,199899442540.0,0,1,1299411070316.0,1299410627776.0
76,ANCH0002,TAG00001,20,0,1,199899000000.0,199899442397,199899000000.0,0,199899442397.0,0,1,1299411070173.0,1299410627776.0
77,ANCH0001,TAG00001,21,0,1,231597000000.0,231596588734,231597000000.0,0,231596588734.0,0,1,1331108216510.0,1331108627776.0
78,ANCH0004,TAG00001,21,0,1,231597000000.0,231596588493,231597000000.0,0,231596588493.0,0,1,1331108216269.0,1331108627776.0
79,ANCH0002,TAG00001,21,0,1,231597000000.0,231596588074,231597000000.0,0,231596588074.0,0,1,1331108215850.0,1331108627776.0
80,ANCH0003,TAG00001,21,0,1,231597000000.0,231596588207,231597000000.0,0,231596588207.0,0,1,1331108215983.0,1331108627776.0
81,ANCH0003,TAG00001,22,0,1,262055000000.0,262054847185,262055000000.0,0,262054847185.0,0,1,1361566474961.0,1361566627776.0
82,ANCH0001,TAG00001,22,0,1,262055000000.0,262054847749,262055000000.0,0,262054847749.0,0,1,1361566475525.0,1361566627776.0
83,ANCH0004,TAG00001,22,0,1,262055000000.0,262054847471,262055000000.0,0,262054847471.0,0,1,1361566475247.0,1361566627776.0
84,ANCH0002,TAG00001,22,0,1,262055000000.0,262054847081,262055000000.0,0,262054847081.0,0,1,1361566474857.0,1361566627776.0
85,ANCH0001,TAG00001,23,0,1,282422000000.0,282421656015,282422000000.0,0,282421656015.0,0,1,1381933283791.0,1381933627776.0
86,ANCH0002,TAG00001,23,0,1,282422000000.0,282421655353,282422000000.0,0,282421655353.0,0,1,1381933283129.0,1381933627776.0
87,ANCH0003,TAG00001,23,0,1,282422000000.0,282421655488,282422000000.0,0,282421655488.0,0,1,1381933283264.0,1381933627776.0
88,ANCH0004,TAG00001,23,0,1,282422000000.0,282421655764,282422000000.0,0,282421655764.0,0,1,1381933283540.0,1381933627776.0
89,ANCH0002,TAG00001,24,0,1,313798000000.0,313798122837,313798000000.0,0,313798122837.0,0,1,1413309750613.0,1413309627776.0
90,ANCH0004,TAG00001,24,0,1,313798000000.0,313798123244,313798000000.0,0,313798123244.0,0,1,1413309751020.0,1413309627776.0
91,ANCH0003,TAG00001,24,0,1,313798000000.0,313798122942,313798000000.0,0,313798122942.0,0,1,1413309750718.0,1413309627776.0
92,ANCH0001,TAG00001,25,0,1,344573000000.0,344572994327,344573000000.0,0,344572994327.0,0,1,1444084622103.0,1444084627776.0
93,ANCH0003,TAG00001,25,0,1,344573000000.0,344572993769,344573000000.0,0,344572993769.0,0,1,1444084621545.0,1444084627776.0
94,ANCH0002,TAG00001,25,0,1,344573000000.0,344572993666,344573000000.0,0,344572993666.0,0,1,1444084621442.0,1444084627776.0
95,ANCH0004,TAG00001,25,0,1,344573000000.0,344572994092,344573000000.0,0,344572994092.0,0,1,1444084621868.0,1444084627776.0
96,ANCH0001,TAG00001,26,0,1,375226000000.0,375225554280,375226000000.0,0,375225554280.0,0,1,1474737182056.0,1474737627776.0
97,ANCH0004,TAG00001,26,0,1,375226000000.0,375225554006,375226000000.0,0,375225554006.0,0,1,1474737181782.0,1474737627776.0
98,ANCH0003,TAG00001,26,0,1,375226000000.0,375225553728,375226000000.0,0,375225553728.0,0,1,1474737181504.0,1474737627776.0
99,ANCH0002,TAG00001,26,0,1,375226000000.0,375225553618,375226000000.0,0,375225553618.0,0,1,1474737181394.0,1474737627776.0
100,ANCH0001,TAG00001,27,0,1,406294000000.0,406294128183,406294000000.0,0,406294128183.0,0,1,1505805755959.0,1505805627776.0
101,ANCH0003,TAG00001,27,0,1,406294000000.0,406294127625,406294000000.0,0,406294127625.0,0,1,1505805755401.0,1505805627776.0
102,ANCH0004,TAG00001,27,0,1,406294000000.0,406294127902,406294000000.0,0,406294127902.0,0,1,1505805755678.0,1505805627776.0
103,ANCH0002,TAG00001,27,0,1,406294000000.0,406294127501,406294000000.0,0,406294127501.0,0,1,1505805755277.0,1505805627776.0
104,ANCH0001,TAG00001,28,0,1,438282000000.0,438282210444,438282000000.0,0,438282210444.0,0,1,1537793838220.0,1537793627776.0
105,ANCH0002,TAG00001,28,0,1,438282000000.0,438282209785,438282000000.0,0,438282209785.0,0,1,1537793837561.0,1537793627776.0
106,ANCH0004,TAG00001,28,0,1,438282000000.0,438282210195,438282000000.0,0,438282210195.0,0,1,1537793837971.0,1537793627776.0
107,ANCH0003,TAG00001,28,0,1,438282000000.0,438282209915,438282000000.0,0,438282209915.0,0,1,1537793837691.0,1537793627776.0
108,ANCH0001,TAG00001,29,0,1,470272000000.0,470271770608,470272000000.0,0,470271770608.0,0,1,1569783398384.0,1569783627776.0
109,ANCH0002,TAG00001,29,0,1,470272000000.0,470271769971,470272000000.0,0,470271769971.0,0,1,1569783397747.0,1569783627776.0
110,ANCH0003,TAG00001,29,0,1,470272000000.0,470271770046,470272000000.0,0,470271770046.0,0,1,1569783397822.0,1569783627776.0
111,ANCH0004,TAG00001,29,0,1,470272000000.0,470271770355,470272000000.0,0,470271770355.0,0,1,1569783398131.0,1569783627776.0
112,ANCH0001,TAG00001,30,0,1,498979000000.0,498979420798,498979000000.0,0,498979420798.0,0,1,1598491048574.0,1598490627776.0
113,ANCH0003,TAG00001,30,0,1,498979000000.0,498979420247,498979000000.0,0,498979420247.0,0,1,1598491048023.0,1598490627776.0
114,ANCH0004,TAG00001,30,0,1,498979000000.0,498979420544,498979000000.0,0,498979420544.0,0,1,1598491048320.0,1598490627776.0
115,ANCH0002,TAG00001,30,0,1,498979000000.0,498979420199,498979000000.0,0,498979420199.0,0,1,1598491047975.0,1598490627776.0
116,ANCH0001,TAG00001,31,0,1,519598000000.0,519598191114,519598000000.0,0,519598191114.0,0,1,1619109818890.0,1619109627776.0
117,ANCH0003,TAG00001,31,0,1,519598000000.0,519598190612,519598000000.0,0,519598190612.0,0,1,1619109818388.0,1619109627776.0
118,ANCH0002,TAG00001,31,0,1,519598000000.0,519598190569,519598000000.0,0,519598190569.0,0,1,1619109818345.0,1619109627776.0
119,ANCH0004,TAG00001,31,0,1,519598000000.0,519598190881,519598000000.0,0,519598190881.0,0,1,1619109818657.0,1619109627776.0
120,ANCH0001,TAG00001,32,0,1,550055000000.0,550055277211,550055000000.0,0,550055277211.0,0,1,1649566904987.0,1649566627776.0
121,ANCH0002,TAG00001,32,0,1,550055000000.0,550055276721,550055000000.0,0,550055276721.0,0,1,1649566904497.0,1649566627776.0
122,ANCH0001,TAG00001,33,0,1,560847000000.0,560846986824,560847000000.0,0,560846986824.0,0,1,1660358614600.0,1660358627776.0
123,ANCH0002,TAG00001,33,0,1,560847000000.0,560846986309,560847000000.0,0,560846986309.0,0,1,1660358614085.0,1660358627776.0
124,ANCH0003,TAG00001,32,0,1,550055000000.0,550055276719,550055000000.0,0,550055276719.0,0,1,1649566904495.0,1649566627776.0
125,ANCH0003,TAG00001,33,0,1,560847000000.0,560846986329,560847000000.0,0,560846986329.0,0,1,1660358614105.0,1660358627776.0
126,ANCH0004,TAG00001,32,0,1,550055000000.0,550055276986,550055000000.0,0,550055276986.0,0,1,1649566904762.0,1649566627776.0
127,ANCH0004,TAG00001,33,0,1,560847000000.0,560846986595,560847000000.0,0,560846986595.0,0,1,1660358614371.0,1660358627776.0
128,ANCH0001,TAG00001,34,0,1,592848000000.0,592848167979,592848000000.0,0,592848167979.0,0,1,1692359795755.0,1692359627776.0
129,ANCH0003,TAG00001,34,0,1,592848000000.0,592848167531,592848000000.0,0,592848167531.0,0,1,1692359795307.0,1692359627776.0
130,ANCH0001,TAG00001,35,0,1,607252000000.0,607252496866,607252000000.0,0,607252496866.0,0,1,1706764124642.0,1706763627776.0
131,ANCH0002,TAG00001,34,0,1,592848000000.0,592848167396,592848000000.0,0,592848167396.0,0,1,1692359795172.0,1692359627776.0
132,ANCH0004,TAG00001,34,0,1,592848000000.0,592848167735,592848000000.0,0,592848167735.0,0,1,1692359795511.0,1692359627776.0
133,ANCH0002,TAG00001,35,0,1,607252000000.0,607252496252,607252000000.0,0,607252496252.0,0,1,1706764124028.0,1706763627776.0
134,ANCH0004,TAG00001,35,0,1,607252000000.0,607252496599,607252000000.0,0,607252496599.0,0,1,1706764124375.0,1706763627776.0
135,ANCH0001,TAG00001,36,0,1,617564000000.0,617564478848,617564000000.0,0,617564478848.0,0,1,1717076106624.0,1717075627776.0
136,ANCH0004,TAG00001,36,0,1,617564000000.0,617564478590,617564000000.0,0,617564478590.0,0,1,1717076106366.0,1717075627776.0
137,ANCH0002,TAG00001,36,0,1,617564000000.0,617564478269,617564000000.0,0,617564478269.0,0,1,1717076106045.0,1717075627776.0
138,ANCH0001,TAG00001,37,0,1,648948000000.0,648947772024,648948000000.0,0,648947772024.0,0,1,1748459399800.0,1748459627776.0
139,ANCH0002,TAG00001,37,0,1,648948000000.0,648947771456,648948000000.0,0,648947771456.0,0,1,1748459399232.0,1748459627776.0
140,ANCH0002,TAG00001,38,0,1,653656000000.0,653655968059,653656000000.0,0,653655968059.0,0,1,1753167595835.0,1753167627776.0
141,ANCH0004,TAG00001,37,0,1,648948000000.0,648947771752,648948000000.0,0,648947771752.0,0,1,1748459399528.0,1748459627776.0
142,ANCH0004,TAG00001,38,0,1,653656000000.0,653655968358,653656000000.0,0,653655968358.0,0,1,1753167596134.0,1753167627776.0
143,ANCH0003,TAG00001,36,0,1,617564000000.0,617564478248,617564000000.0,0,617564478248.0,0,1,1717076106024.0,1717075627776.0
144,ANCH0003,TAG00001,37,0,1,648948000000.0,648947771453,648948000000.0,0,648947771453.0,0,1,1748459399229.0,1748459627776.0
145,ANCH0003,TAG00001,38,0,1,653656000000.0,653655968036,653656000000.0,0,653655968036.0,0,1,1753167595812.0,1753167627776.0
146,ANCH0001,TAG00001,39,0,1,684437000000.0,684436567627,684437000000.0,0,684436567627.0,0,1,1783948195403.0,1783948627776.0
147,ANCH0004,TAG00001,39,0,1,684437000000.0,684436567376,684437000000.0,0,684436567376.0,0,1,1783948195152.0,1783948627776.0
148,ANCH0001,TAG00001,40,0,1,694905000000.0,694904582748,694905000000.0,0,694904582748.0,0,1,1794416210524.0,1794416627776.0
149,ANCH0002,TAG00001,39,0,1,684437000000.0,684436567099,684437000000.0,0,684436567099.0,0,1,1783948194875.0,1783948627776.0
150,ANCH0002,TAG00001,40,0,1,694905000000.0,694904582182,694905000000.0,0,694904582182.0,0,1,1794416209958.0,1794416627776.0
151,ANCH0004,TAG00001,40,0,1,694905000000.0,694904582441,694905000000.0,0,694904582441.0,0,1,1794416210217.0,1794416627776.0
152,ANCH0003,TAG00001,39,0,1,684437000000.0,684436567085,684437000000.0,0,684436567085.0,0,1,1783948194861.0,1783948627776.0
153,ANCH0003,TAG00001,40,0,1,694905000000.0,694904582266,694905000000.0,0,694904582266.0,0,1,1794416210042.0,1794416627776.0
154,ANCH0001,TAG00001,41,0,1,725968000000.0,725967857748,725968000000.0,0,725967857748.0,0,1,1825479485524.0,1825479627776.0
155,ANCH0004,TAG00001,41,0,1,725968000000.0,725967857482,725968000000.0,0,725967857482.0,0,1,1825479485258.0,1825479627776.0
156,ANCH0002,TAG00001,41,0,1,725968000000.0,725967857201,725968000000.0,0,725967857201.0,0,1,1825479484977.0,1825479627776.0
157,ANCH0003,TAG00001,41,0,1,725968000000.0,725967857242,725968000000.0,0,725967857242.0,0,1,1825479485018.0,1825479627776.0
158,ANCH0001,TAG00001,42,0,1,757032000000.0,757032434145,757032000000.0,0,757032434145.0,0,1,1856544061921.0,1856543627776.0
159,ANCH0002,TAG00001,42,0,1,757032000000.0,757032433632,757032000000.0,0,757032433632.0,0,1,1856544061408.0,1856543627776.0
160,ANCH0004,TAG00001,42,0,1,757032000000.0,757032433900,757032000000.0,0,757032433900.0,0,1,1856544061676.0,1856543627776.0
161,ANCH0003,TAG00001,42,0,1,757032000000.0,757032433622,757032000000.0,0,757032433622.0,0,1,1856544061398.0,1856543627776.0
162,ANCH0003,TAG00001,43,0,1,789014000000.0,789014394678,789014000000.0,0,789014394678.0,0,1,1888526022454.0,1888525627776.0
163,ANCH0002,TAG00001,43,0,1,789014000000.0,789014394689,789014000000.0,0,789014394689.0,0,1,1888526022465.0,1888525627776.0
164,ANCH0001,TAG00001,43,0,1,789014000000.0,789014395163,789014000000.0,0,789014395163.0,0,1,1888526022939.0,1888525627776.0
165,ANCH0004,TAG00001,43,0,1,789014000000.0,789014394904,789014000000.0,0,789014394904.0,0,1,1888526022680.0,1888525627776.0
166,ANCH0001,TAG00001,44,0,1,820991000000.0,820990574589,820991000000.0,0,820990574589.0,0,1,1920502202365.0,1920502627776.0
167,ANCH0002,TAG00001,44,0,1,820991000000.0,820990574163,820991000000.0,0,820990574163.0,0,1,1920502201939.0,1920502627776.0
168,ANCH0003,TAG00001,44,0,1,820991000000.0,820990574160,820991000000.0,0,820990574160.0,0,1,1920502201936.0,1920502627776.0
169,ANCH0001,TAG00001,45,0,1,851766000000.0,851766224573,851766000000.0,0,851766224573.0,0,1,1951277852349.0,1951277627776.0
170,ANCH0004,TAG00001,44,0,1,820991000000.0,820990574357,820991000000.0,0,820990574357.0,0,1,1920502202133.0,1920502627776.0
171,ANCH0002,TAG00001,45,0,1,851766000000.0,851766224136,851766000000.0,0,851766224136.0,0,1,1951277851912.0,1951277627776.0
172,ANCH0004,TAG00001,45,0,1,851766000000.0,851766224333,851766000000.0,0,851766224333.0,0,1,1951277852109.0,1951277627776.0
173,ANCH0002,TAG00001,46,0,1,859902000000.0,859902027102,859902000000.0,0,859902027102.0,0,1,1959413654878.0,1959413627776.0
174,ANCH0001,TAG00001,46,0,1,859902000000.0,859902027514,859902000000.0,0,859902027514.0,0,1,1959413655290.0,1959413627776.0
175,ANCH0004,TAG00001,46,0,1,859902000000.0,859902027272,859902000000.0,0,859902027272.0,0,1,1959413655048.0,1959413627776.0
176,ANCH0003,TAG00001,45,0,1,851766000000.0,851766224122,851766000000.0,0,851766224122.0,0,1,1951277851898.0,1951277627776.0
177,ANCH0001,TAG00001,47,0,1,890960000000.0,890959719114,890960000000.0,0,890959719114.0,0,1,1990471346890.0,1990471627776.0
178,ANCH0003,TAG00001,46,0,1,859902000000.0,859902027083,859902000000.0,0,859902027083.0,0,1,1959413654859.0,1959413627776.0
179,ANCH0003,TAG00001,47,0,1,890960000000.0,890959718678,890960000000.0,0,890959718678.0,0,1,1990471346454.0,1990471627776.0
180,ANCH0002,TAG00001,47,0,1,890960000000.0,890959718691,890960000000.0,0,890959718691.0,0,1,1990471346467.0,1990471627776.0
181,ANCH0004,TAG00001,47,0,1,890960000000.0,890959718888,890960000000.0,0,890959718888.0,0,1,1990471346664.0,1990471627776.0
182,ANCH0001,TAG00001,48,0,1,922647000000.0,922646673088,922647000000.0,0,922646673088.0,0,1,2022158300864.0,2022158627776.0
183,ANCH0002,TAG00001,48,0,1,922647000000.0,922646672675,922647000000.0,0,922646672675.0,0,1,2022158300451.0,2022158627776.0
184,ANCH0004,TAG00001,48,0,1,922647000000.0,922646672848,922647000000.0,0,922646672848.0,0,1,2022158300624.0,2022158627776.0
185,ANCH0001,TAG00001,49,0,1,954339000000.0,954338895850,954339000000.0,0,954338895850.0,0,1,2053850523626.0,2053850627776.0
186,ANCH0002,TAG00001,49,0,1,954339000000.0,954338895436,954339000000.0,0,954338895436.0,0,1,2053850523212.0,2053850627776.0
187,ANCH0004,TAG00001,49,0,1,954339000000.0,954338895612,954339000000.0,0,954338895612.0,0,1,2053850523388.0,2053850627776.0
188,ANCH0003,TAG00001,48,0,1,922647000000.0,922646672622,922647000000.0,0,922646672622.0,0,1,2022158300398.0,2022158627776.0
189,ANCH0003,TAG00001,49,0,1,954339000000.0,954338895418,954339000000.0,0,954338895418.0,0,1,2053850523194.0,2053850627776.0
190,ANCH0004,TAG00001,50,0,1,985397000000.0,985396814458,985397000000.0,0,985396814458.0,0,1,2084908442234.0,2084908627776.0
191,ANCH0002,TAG00001,50,0,1,985397000000.0,985396814280,985397000000.0,0,985396814280.0,0,1,2084908442056.0,2084908627776.0
192,ANCH0003,TAG00001,50,0,1,985397000000.0,985396814248,985397000000.0,0,985396814248.0,0,1,2084908442024.0,2084908627776.0
193,ANCH0001,TAG00001,51,0,1,1016770000000.0,1016769098429,1016770000000.0,0,1016769098429.0,0,1,2116280726205.0,2116281627776.0
194,ANCH0004,TAG00001,51,0,1,1016770000000.0,1016769098191,1016770000000.0,0,1016769098191.0,0,1,2116280725967.0,2116281627776.0
195,ANCH0002,TAG00001,51,0,1,1016770000000.0,1016769098016,1016770000000.0,0,1016769098016.0,0,1,2116280725792.0,2116281627776.0
196,ANCH0003,TAG00001,51,0,1,1016770000000.0,1016769098020,1016770000000.0,0,1016769098020.0,0,1,2116280725796.0,2116281627776.0
197,ANCH0001,TAG00001,52,0,1,1048750000000.0,1048746851333,1048750000000.0,0,1048746851333.0,0,1,2148258479109.0,2148261627776.0
198,ANCH0004,TAG00001,52,0,1,1048750000000.0,1048746851087,1048750000000.0,0,1048746851087.0,0,1,2148258478863.0,2148261627776.0
199,ANCH0002,TAG00001,52,0,1,1048750000000.0,1048746850927,1048750000000.0,0,1048746850927.0,0,1,2148258478703.0,2148261627776.0
200,ANCH0003,TAG00001,52,0,1,1048750000000.0,1048746850901,1048750000000.0,0,1048746850901.0,0,1,2148258478677.0,2148261627776.0
201,ANCH0002,TAG00001,53,0,1,9.22337e+18,9223372036854770000,,1,,1,2,,
202,ANCH0003,TAG00001,53,0,1,12466668084.0,12466668084,12466668084.0,0,12466668084.0,0,2,2211489923636.0,2211489923636.0
203,ANCH0004,TAG00001,53,0,1,9.22337e+18,9223372036854770000,,1,,1,2,,
204,ANCH0001,TAG00001,54,0,1,75070652567.0,75070652567,75070652567.0,0,75070652567.0,0,2,2274093908119.0,2274093908119.0
205,ANCH0004,TAG00001,54,0,1,75070652329.0,75070652329,75070652329.0,0,75070652329.0,0,2,2274093907881.0,2274093907881.0
206,ANCH0002,TAG00001,54,0,1,75070652154.0,75070652154,75070652154.0,0,75070652154.0,0,2,2274093907706.0,2274093907706.0
207,ANCH0003,TAG00001,54,0,1,75070652075.0,75070652075,75070652075.0,0,75070652075.0,0,2,2274093907627.0,2274093907627.0
208,ANCH0001,TAG00001,55,0,1,136469000000.0,136468880714,136469000000.0,0,136468880714.0,0,2,2335492136266.0,2335492255552.0
209,ANCH0002,TAG00001,55,0,1,136469000000.0,136468880295,136469000000.0,0,136468880295.0,0,2,2335492135847.0,2335492255552.0
210,ANCH0004,TAG00001,55,0,1,136469000000.0,136468880471,136469000000.0,0,136468880471.0,0,2,2335492136023.0,2335492255552.0
211,ANCH0004,TAG00001,56,0,1,199690000000.0,199690485304,199690000000.0,0,199690485304.0,0,2,2398713740856.0,2398713255552.0
212,ANCH0002,TAG00001,56,0,1,199690000000.0,199690485114,199690000000.0,0,199690485114.0,0,2,2398713740666.0,2398713255552.0
213,ANCH0003,TAG00001,56,0,1,199690000000.0,199690485085,199690000000.0,0,199690485085.0,0,2,2398713740637.0,2398713255552.0
214,ANCH0001,TAG00001,57,0,1,261091000000.0,261091429632,261091000000.0,0,261091429632.0,0,2,2460114685184.0,2460114255552.0
215,ANCH0004,TAG00001,57,0,1,261091000000.0,261091429420,261091000000.0,0,261091429420.0,0,2,2460114684972.0,2460114255552.0
216,ANCH0002,TAG00001,57,0,1,261091000000.0,261091429233,261091000000.0,0,261091429233.0,0,2,2460114684785.0,2460114255552.0
217,ANCH0003,TAG00001,57,0,1,261091000000.0,261091429213,261091000000.0,0,261091429213.0,0,2,2460114684765.0,2460114255552.0
218,ANCH0003,TAG00001,58,0,1,306943000000.0,306943282947,306943000000.0,0,306943282947.0,0,2,2505966538499.0,2505966255552.0
219,ANCH0004,TAG00001,58,0,1,306943000000.0,306943283159,306943000000.0,0,306943283159.0,0,2,2505966538711.0,2505966255552.0
220,ANCH0002,TAG00001,58,0,1,306943000000.0,306943282961,306943000000.0,0,306943282961.0,0,2,2505966538513.0,2505966255552.0
221,ANCH0001,TAG00001,59,0,1,337984000000.0,337983651968,337984000000.0,0,337983651968.0,0,2,2537006907520.0,2537007255552.0
222,ANCH0004,TAG00001,59,0,1,337984000000.0,337983651728,337984000000.0,0,337983651728.0,0,2,2537006907280.0,2537007255552.0
223,ANCH0002,TAG00001,59,0,1,337984000000.0,337983651572,337984000000.0,0,337983651572.0,0,2,2537006907124.0,2537007255552.0
224,ANCH0003,TAG00001,59,0,1,337984000000.0,337983651517,337984000000.0,0,337983651517.0,0,2,2537006907069.0,2537007255552.0
225,ANCH0001,TAG00001,60,0,1,363672000000.0,363671740776,363672000000.0,0,363671740776.0,0,2,2562694996328.0,2562695255552.0
226,ANCH0004,TAG00001,60,0,1,363672000000.0,363671740485,363672000000.0,0,363671740485.0,0,2,2562694996037.0,2562695255552.0
227,ANCH0002,TAG00001,60,0,1,363672000000.0,363671740353,363672000000.0,0,363671740353.0,0,2,2562694995905.0,2562695255552.0
228,ANCH0004,TAG00001,61,0,1,379142000000.0,379141516756,379142000000.0,0,379141516756.0,0,2,2578164772308.0,2578165255552.0
229,ANCH0002,TAG00001,61,0,1,379142000000.0,379141516731,379142000000.0,0,379141516731.0,0,2,2578164772283.0,2578165255552.0
230,ANCH0003,TAG00001,60,0,1,363672000000.0,363671740412,363672000000.0,0,363671740412.0,0,2,2562694995964.0,2562695255552.0
231,ANCH0003,TAG00001,61,0,1,379142000000.0,379141516706,379142000000.0,0,379141516706.0,0,2,2578164772258.0,2578165255552.0
232,ANCH0001,TAG00001,62,0,1,409898000000.0,409897878965,409898000000.0,0,409897878965.0,0,2,2608921134517.0,2608921255552.0
233,ANCH0002,TAG00001,62,0,1,409898000000.0,409897878741,409898000000.0,0,409897878741.0,0,2,2608921134293.0,2608921255552.0
234,ANCH0004,TAG00001,62,0,1,409898000000.0,409897878724,409898000000.0,0,409897878724.0,0,2,2608921134276.0,2608921255552.0
235,ANCH0002,TAG00001,63,0,1,440342000000.0,440342199036,440342000000.0,0,440342199036.0,0,2,2639365454588.0,2639365255552.0
236,ANCH0001,TAG00001,63,0,1,440342000000.0,440342199189,440342000000.0,0,440342199189.0,0,2,2639365454741.0,2639365255552.0
237,ANCH0004,TAG00001,63,0,1,440342000000.0,440342198965,440342000000.0,0,440342198965.0,0,2,2639365454517.0,2639365255552.0
238,ANCH0003,TAG00001,62,0,1,409898000000.0,409897878752,409898000000.0,0,409897878752.0,0,2,2608921134304.0,2608921255552.0
239,ANCH0003,TAG00001,64,0,1,468914000000.0,468913742711,468914000000.0,0,468913742711.0,0,2,2667936998263.0,2667937255552.0
240,ANCH0004,TAG00001,64,0,1,468914000000.0,468913742712,468914000000.0,0,468913742712.0,0,2,2667936998264.0,2667937255552.0
241,ANCH0002,TAG00001,64,0,1,468914000000.0,468913742925,468914000000.0,0,468913742925.0,0,2,2667936998477.0,2667937255552.0
242,ANCH0001,TAG00001,65,0,1,487437000000.0,487437017215,487437000000.0,0,487437017215.0,0,2,2686460272767.0,2686460255552.0
243,ANCH0004,TAG00001,65,0,1,487437000000.0,487437016897,487437000000.0,0,487437016897.0,0,2,2686460272449.0,2686460255552.0
244,ANCH0003,TAG00001,65,0,1,487437000000.0,487437016923,487437000000.0,0,487437016923.0,0,2,2686460272475.0,2686460255552.0
245,ANCH0001,TAG00001,66,0,1,497750000000.0,497750138586,497750000000.0,0,497750138586.0,0,2,2696773394138.0,2696773255552.0
246,ANCH0003,TAG00001,66,0,1,497750000000.0,497750138288,497750000000.0,0,497750138288.0,0,2,2696773393840.0,2696773255552.0
247,ANCH0002,TAG00001,65,0,1,487437000000.0,487437016967,487437000000.0,0,487437016967.0,0,2,2686460272519.0,2686460255552.0
248,ANCH0004,TAG00001,66,0,1,497750000000.0,497750138312,497750000000.0,0,497750138312.0,0,2,2696773393864.0,2696773255552.0
249,ANCH0002,TAG00001,66,0,1,497750000000.0,497750138376,497750000000.0,0,497750138376.0,0,2,2696773393928.0,2696773255552.0
250,ANCH0001,TAG00001,67,0,1,523535000000.0,523534958200,523535000000.0,0,523534958200.0,0,2,2722558213752.0,2722558255552.0
251,ANCH0004,TAG00001,67,0,1,523535000000.0,523534957840,523535000000.0,0,523534957840.0,0,2,2722558213392.0,2722558255552.0
252,ANCH0002,TAG00001,67,0,1,523535000000.0,523534957957,523535000000.0,0,523534957957.0,0,2,2722558213509.0,2722558255552.0
253,ANCH0003,TAG00001,67,0,1,523535000000.0,523534957973,523535000000.0,0,523534957973.0,0,2,2722558213525.0,2722558255552.0
254,ANCH0002,TAG00001,68,0,1,553974000000.0,553973653464,553974000000.0,0,553973653464.0,0,2,2752996909016.0,2752997255552.0
255,ANCH0004,TAG00001,68,0,1,553974000000.0,553973653356,553974000000.0,0,553973653356.0,0,2,2752996908908.0,2752997255552.0
256,ANCH0003,TAG00001,68,0,1,553974000000.0,553973653374,553974000000.0,0,553973653374.0,0,2,2752996908926.0,2752997255552.0
257,ANCH0001,TAG00001,69,0,1,584733000000.0,584733089032,584733000000.0,0,584733089032.0,0,2,2783756344584.0,2783756255552.0
258,ANCH0004,TAG00001,69,0,1,584733000000.0,584733088765,584733000000.0,0,584733088765.0,0,2,2783756344317.0,2783756255552.0
259,ANCH0003,TAG00001,69,0,1,584733000000.0,584733088780,584733000000.0,0,584733088780.0,0,2,2783756344332.0,2783756255552.0
260,ANCH0002,TAG00001,69,0,1,584733000000.0,584733088824,584733000000.0,0,584733088824.0,0,2,2783756344376.0,2783756255552.0
261,ANCH0001,TAG00001,70,0,1,615176000000.0,615175606512,615176000000.0,0,615175606512.0,0,2,2814198862064.0,2814199255552.0
262,ANCH0004,TAG00001,70,0,1,615176000000.0,615175606218,615176000000.0,0,615175606218.0,0,2,2814198861770.0,2814199255552.0
263,ANCH0002,TAG00001,70,0,1,615176000000.0,615175606303,615176000000.0,0,615175606303.0,0,2,2814198861855.0,2814199255552.0
264,ANCH0003,TAG00001,70,0,1,615176000000.0,615175606218,615176000000.0,0,615175606218.0,0,2,2814198861770.0,2814199255552.0
265,ANCH0001,TAG00001,71,0,1,645611000000.0,645610785982,645611000000.0,0,645610785982.0,0,2,2844634041534.0,2844634255552.0
266,ANCH0004,TAG00001,71,0,1,645611000000.0,645610785705,645611000000.0,0,645610785705.0,0,2,2844634041257.0,2844634255552.0
267,ANCH0002,TAG00001,71,0,1,645611000000.0,645610785742,645611000000.0,0,645610785742.0,0,2,2844634041294.0,2844634255552.0
268,ANCH0003,TAG00001,72,0,1,652458000000.0,652457796843,652458000000.0,0,652457796843.0,0,2,2851481052395.0,2851481255552.0
269,ANCH0002,TAG00001,72,0,1,652458000000.0,652457796952,652458000000.0,0,652457796952.0,0,2,2851481052504.0,2851481255552.0
270,ANCH0004,TAG00001,72,0,1,652458000000.0,652457796919,652458000000.0,0,652457796919.0,0,2,2851481052471.0,2851481255552.0
271,ANCH0001,TAG00001,73,0,1,683489000000.0,683488968940,683489000000.0,0,683488968940.0,0,2,2882512224492.0,2882512255552.0
272,ANCH0003,TAG00001,73,0,1,683489000000.0,683488968546,683489000000.0,0,683488968546.0,0,2,2882512224098.0,2882512255552.0
273,ANCH0004,TAG00001,73,0,1,683489000000.0,683488968674,683489000000.0,0,683488968674.0,0,2,2882512224226.0,2882512255552.0
274,ANCH0002,TAG00001,73,0,1,683489000000.0,683488968680,683489000000.0,0,683488968680.0,0,2,2882512224232.0,2882512255552.0
275,ANCH0002,TAG00001,74,0,1,709192000000.0,709191748970,709192000000.0,0,709191748970.0,0,2,2908215004522.0,2908215255552.0
276,ANCH0004,TAG00001,74,0,1,709192000000.0,709191748950,709192000000.0,0,709191748950.0,0,2,2908215004502.0,2908215255552.0
277,ANCH0001,TAG00001,75,0,1,740230000000.0,740230075013,740230000000.0,0,740230075013.0,0,2,2939253330565.0,2939253255552.0
278,ANCH0004,TAG00001,75,0,1,740230000000.0,740230074739,740230000000.0,0,740230074739.0,0,2,2939253330291.0,2939253255552.0
279,ANCH0003,TAG00001,74,0,1,709192000000.0,709191748859,709192000000.0,0,709191748859.0,0,2,2908215004411.0,2908215255552.0
280,ANCH0003,TAG00001,75,0,1,740230000000.0,740230074720,740230000000.0,0,740230074720.0,0,2,2939253330272.0,2939253255552.0
281,ANCH0002,TAG00001,75,0,1,740230000000.0,740230074749,740230000000.0,0,740230074749.0,0,2,2939253330301.0,2939253255552.0
282,ANCH0001,TAG00001,76,0,1,771903000000.0,771903161448,771903000000.0,0,771903161448.0,0,2,2970926417000.0,2970926255552.0
283,ANCH0004,TAG00001,76,0,1,771903000000.0,771903161150,771903000000.0,0,771903161150.0,0,2,2970926416702.0,2970926255552.0
284,ANCH0002,TAG00001,76,0,1,771903000000.0,771903161197,771903000000.0,0,771903161197.0,0,2,2970926416749.0,2970926255552.0
285,ANCH0003,TAG00001,76,0,1,771903000000.0,771903161197,771903000000.0,0,771903161197.0,0,2,2970926416749.0,2970926255552.0
286,ANCH0004,TAG00001,77,0,1,802355000000.0,802354940584,802355000000.0,0,802354940584.0,0,2,3001378196136.0,3001378255552.0
287,ANCH0002,TAG00001,77,0,1,802355000000.0,802354940643,802355000000.0,0,802354940643.0,0,2,3001378196195.0,3001378255552.0
288,ANCH0003,TAG00001,77,0,1,802355000000.0,802354940562,802355000000.0,0,802354940562.0,0,2,3001378196114.0,3001378255552.0
289,ANCH0001,TAG00001,78,0,1,833731000000.0,833731247301,833731000000.0,0,833731247301.0,0,2,3032754502853.0,3032754255552.0
290,ANCH0002,TAG00001,78,0,1,833731000000.0,833731247055,833731000000.0,0,833731247055.0,0,2,3032754502607.0,3032754255552.0
291,ANCH0004,TAG00001,78,0,1,833731000000.0,833731246987,833731000000.0,0,833731246987.0,0,2,3032754502539.0,3032754255552.0
292,ANCH0003,TAG00001,78,0,1,833731000000.0,833731247048,833731000000.0,0,833731247048.0,0,2,3032754502600.0,3032754255552.0
293,ANCH0001,TAG00001,79,0,1,865707000000.0,865707197092,865707000000.0,0,865707197092.0,0,2,3064730452644.0,3064730255552.0
294,ANCH0004,TAG00001,79,0,1,865707000000.0,865707196782,865707000000.0,0,865707196782.0,0,2,3064730452334.0,3064730255552.0
295,ANCH0002,TAG00001,79,0,1,865707000000.0,865707196831,865707000000.0,0,865707196831.0,0,2,3064730452383.0,3064730255552.0
296,ANCH0001,TAG00001,80,0,1,896751000000.0,896751207119,896751000000.0,0,896751207119.0,0,2,3095774462671.0,3095774255552.0
297,ANCH0002,TAG00001,80,0,1,896751000000.0,896751206855,896751000000.0,0,896751206855.0,0,2,3095774462407.0,3095774255552.0
298,ANCH0004,TAG00001,80,0,1,896751000000.0,896751206818,896751000000.0,0,896751206818.0,0,2,3095774462370.0,3095774255552.0
299,ANCH0003,TAG00001,80,0,1,896751000000.0,896751206837,896751000000.0,0,896751206837.0,0,2,3095774462389.0,3095774255552.0
300,ANCH0004,TAG00001,81,0,1,958772000000.0,958772037962,958772000000.0,0,958772037962.0,0,2,3157795293514.0,3157795255552.0
301,ANCH0003,TAG00001,81,0,1,958772000000.0,958772037984,958772000000.0,0,958772037984.0,0,2,3157795293536.0,3157795255552.0
302,ANCH0002,TAG00001,81,0,1,958772000000.0,958772038063,958772000000.0,0,958772038063.0,0,2,3157795293615.0,3157795255552.0
303,ANCH0001,TAG00001,81,0,1,958772000000.0,958772038218,958772000000.0,0,958772038218.0,0,2,3157795293770.0,3157795255552.0
304,ANCH0001,TAG00001,82,0,1,1020800000000.0,1020802949782,1020800000000.0,0,1020802949782.0,0,2,3219826205334.0,3219823255552.0
305,ANCH0003,TAG00001,82,0,1,1020800000000.0,1020802949419,1020800000000.0,0,1020802949419.0,0,2,3219826204971.0,3219823255552.0
306,ANCH0004,TAG00001,82,0,1,1020800000000.0,1020802949456,1020800000000.0,0,1020802949456.0,0,2,3219826205008.0,3219823255552.0
307,ANCH0002,TAG00001,82,0,1,1020800000000.0,1020802949623,1020800000000.0,0,1020802949623.0,0,2,3219826205175.0,3219823255552.0
308,ANCH0001,TAG00001,83,0,1,1082230000000.0,1082233483596,1082230000000.0,0,1082233483596.0,0,2,3281256739148.0,3281253255552.0
309,ANCH0002,TAG00001,83,0,1,1082230000000.0,1082233483284,1082230000000.0,0,1082233483284.0,0,2,3281256738836.0,3281253255552.0
310,ANCH0003,TAG00001,83,0,1,1082230000000.0,1082233483232,1082230000000.0,0,1082233483232.0,0,2,3281256738784.0,3281253255552.0
311,ANCH0004,TAG00001,83,0,1,1079580000000.0,1079584955446,1079580000000.0,0,1079584955446.0,0,2,3278608210998.0,3278603255552.0
312,ANCH0001,TAG00001,84,0,1,44201334999.0,44201334999,44201334999.0,0,44201334999.0,0,3,3342736218327.0,3342736218327.0
313,ANCH0003,TAG00001,84,0,1,44201334701.0,44201334701,44201334701.0,0,44201334701.0,0,3,3342736218029.0,3342736218029.0
314,ANCH0004,TAG00001,84,0,1,44201334685.0,44201334685,44201334685.0,0,44201334685.0,0,3,3342736218013.0,3342736218013.0
315,ANCH0002,TAG00001,84,0,1,44201334819.0,44201334819,44201334819.0,0,44201334819.0,0,3,3342736218147.0,3342736218147.0
316,ANCH0004,TAG00001,85,0,1,106883000000.0,106883212099,106883000000.0,0,106883212099.0,0,3,3405418095427.0,3405417883328.0
317,ANCH0002,TAG00001,85,0,1,106883000000.0,106883212220,106883000000.0,0,106883212220.0,0,3,3405418095548.0,3405417883328.0
318,ANCH0003,TAG00001,85,0,1,106883000000.0,106883212091,106883000000.0,0,106883212091.0,0,3,3405418095419.0,3405417883328.0
319,ANCH0004,TAG00001,86,0,1,168909000000.0,168908748214,168909000000.0,0,168908748214.0,0,3,3467443631542.0,3467443883328.0
320,ANCH0003,TAG00001,86,0,1,168909000000.0,168908748228,168909000000.0,0,168908748228.0,0,3,3467443631556.0,3467443883328.0
321,ANCH0002,TAG00001,86,0,1,168909000000.0,168908748344,168909000000.0,0,168908748344.0,0,3,3467443631672.0,3467443883328.0
322,ANCH0001,TAG00001,87,0,1,229103000000.0,229103299227,229103000000.0,0,229103299227.0,0,3,3527638182555.0,3527637883328.0
323,ANCH0002,TAG00001,87,0,1,229103000000.0,229103299025,229103000000.0,0,229103299025.0,0,3,3527638182353.0,3527637883328.0
324,ANCH0003,TAG00001,87,0,1,229103000000.0,229103298935,229103000000.0,0,229103298935.0,0,3,3527638182263.0,3527637883328.0
325,ANCH0004,TAG00001,87,0,1,229103000000.0,229103298922,229103000000.0,0,229103298922.0,0,3,3527638182250.0,3527637883328.0
326,ANCH0001,TAG00001,88,0,1,291183000000.0,291183086752,291183000000.0,0,291183086752.0,0,3,3589717970080.0,3589717883328.0
327,ANCH0002,TAG00001,88,0,1,291183000000.0,291183086549,291183000000.0,0,291183086549.0,0,3,3589717969877.0,3589717883328.0
328,ANCH0004,TAG00001,88,0,1,291183000000.0,291183086440,291183000000.0,0,291183086440.0,0,3,3589717969768.0,3589717883328.0
329,ANCH0003,TAG00001,88,0,1,291183000000.0,291183086435,291183000000.0,0,291183086435.0,0,3,3589717969763.0,3589717883328.0
330,ANCH0001,TAG00001,89,0,1,352059000000.0,352058570607,352059000000.0,0,352058570607.0,0,3,3650593453935.0,3650593883328.0
331,ANCH0004,TAG00001,89,0,1,352059000000.0,352058570281,352059000000.0,0,352058570281.0,0,3,3650593453609.0,3650593883328.0
332,ANCH0002,TAG00001,89,0,1,352059000000.0,352058570391,352059000000.0,0,352058570391.0,0,3,3650593453719.0,3650593883328.0
333,ANCH0001,TAG00001,90,0,1,412290000000.0,412289505102,412290000000.0,0,412289505102.0,0,3,3710824388430.0,3710824883328.0
334,ANCH0002,TAG00001,90,0,1,412290000000.0,412289504894,412290000000.0,0,412289504894.0,0,3,3710824388222.0,3710824883328.0
335,ANCH0004,TAG00001,90,0,1,412290000000.0,412289504786,412290000000.0,0,412289504786.0,0,3,3710824388114.0,3710824883328.0
336,ANCH0003,TAG00001,90,0,1,412290000000.0,412289504815,412290000000.0,0,412289504815.0,0,3,3710824388143.0,3710824883328.0
337,ANCH0004,TAG00001,91,0,1,472481000000.0,472481107804,472481000000.0,0,472481107804.0,0,3,3771015991132.0,3771015883328.0
338,ANCH0003,TAG00001,91,0,1,472481000000.0,472481107901,472481000000.0,0,472481107901.0,0,3,3771015991229.0,3771015883328.0
339,ANCH0002,TAG00001,91,0,1,472481000000.0,472481107951,472481000000.0,0,472481107951.0,0,3,3771015991279.0,3771015883328.0
340,ANCH0001,TAG00001,92,0,1,535709000000.0,535709427985,535709000000.0,0,535709427985.0,0,3,3834244311313.0,3834243883328.0
341,ANCH0004,TAG00001,92,0,1,535709000000.0,535709427662,535709000000.0,0,535709427662.0,0,3,3834244310990.0,3834243883328.0
342,ANCH0002,TAG00001,92,0,1,535709000000.0,535709427830,535709000000.0,0,535709427830.0,0,3,3834244311158.0,3834243883328.0
343,ANCH0003,TAG00001,92,0,1,535709000000.0,535709427727,535709000000.0,0,535709427727.0,0,3,3834244311055.0,3834243883328.0
344,ANCH0001,TAG00001,93,0,1,598338000000.0,598337679074,598338000000.0,0,598337679074.0,0,3,3896872562402.0,3896872883328.0
345,ANCH0002,TAG00001,93,0,1,598338000000.0,598337678858,598338000000.0,0,598337678858.0,0,3,3896872562186.0,3896872883328.0
346,ANCH0004,TAG00001,93,0,1,598338000000.0,598337678773,598338000000.0,0,598337678773.0,0,3,3896872562101.0,3896872883328.0
347,ANCH0003,TAG00001,93,0,1,598338000000.0,598337678839,598338000000.0,0,598337678839.0,0,3,3896872562167.0,3896872883328.0
348,ANCH0001,TAG00001,94,0,1,659182000000.0,659181816432,659182000000.0,0,659181816432.0,0,3,3957716699760.0,3957716883328.0
349,ANCH0003,TAG00001,94,0,1,659182000000.0,659181816208,659182000000.0,0,659181816208.0,0,3,3957716699536.0,3957716883328.0
350,ANCH0002,TAG00001,94,0,1,659182000000.0,659181816162,659182000000.0,0,659181816162.0,0,3,3957716699490.0,3957716883328.0
351,ANCH0004,TAG00001,94,0,1,659182000000.0,659181816104,659182000000.0,0,659181816104.0,0,3,3957716699432.0,3957716883328.0
352,ANCH0001,TAG00001,95,0,1,722422000000.0,722421632981,722422000000.0,0,722421632981.0,0,3,4020956516309.0,4020956883328.0
353,ANCH0002,TAG00001,95,0,1,722422000000.0,722421632725,722422000000.0,0,722421632725.0,0,3,4020956516053.0,4020956883328.0
354,ANCH0004,TAG00001,95,0,1,722422000000.0,722421632647,722422000000.0,0,722421632647.0,0,3,4020956515975.0,4020956883328.0
355,ANCH0003,TAG00001,95,0,1,722422000000.0,722421632672,722422000000.0,0,722421632672.0,0,3,4020956516000.0,4020956883328.0
356,ANCH0002,TAG00001,96,0,1,785060000000.0,785059644746,785060000000.0,0,785059644746.0,0,3,4083594528074.0,4083594883328.0
357,ANCH0001,TAG00001,96,0,1,785060000000.0,785059645009,785060000000.0,0,785059645009.0,0,3,4083594528337.0,4083594883328.0
358,ANCH0004,TAG00001,96,0,1,785060000000.0,785059644662,785060000000.0,0,785059644662.0,0,3,4083594527990.0,4083594883328.0
359,ANCH0001,TAG00001,97,0,1,847692000000.0,847691753724,847692000000.0,0,847691753724.0,0,3,4146226637052.0,4146226883328.0
360,ANCH0004,TAG00001,97,0,1,847692000000.0,847691753417,847692000000.0,0,847691753417.0,0,3,4146226636745.0,4146226883328.0
361,ANCH0003,TAG00001,97,0,1,847692000000.0,847691753470,847692000000.0,0,847691753470.0,0,3,4146226636798.0,4146226883328.0
362,ANCH0002,TAG00001,97,0,1,847692000000.0,847691753487,847692000000.0,0,847691753487.0,0,3,4146226636815.0,4146226883328.0
363,ANCH0001,TAG00001,98,0,1,908499000000.0,908498983056,908499000000.0,0,908498983056.0,0,3,4207033866384.0,4207033883328.0
364,ANCH0002,TAG00001,98,0,1,908499000000.0,908498982808,908499000000.0,0,908498982808.0,0,3,4207033866136.0,4207033883328.0
365,ANCH0004,TAG00001,98,0,1,908499000000.0,908498982729,908499000000.0,0,908498982729.0,0,3,4207033866057.0,4207033883328.0
366,ANCH0002,TAG00001,99,0,1,968703000000.0,968703126600,968703000000.0,0,968703126600.0,0,3,4267238009928.0,4267237883328.0
367,ANCH0004,TAG00001,99,0,1,968703000000.0,968703126505,968703000000.0,0,968703126505.0,0,3,4267238009833.0,4267237883328.0
368,ANCH0003,TAG00001,99,0,1,968703000000.0,968703126517,968703000000.0,0,968703126517.0,0,3,4267238009845.0,4267237883328.0
369,ANCH0001,TAG00001,100,0,1,1028900000000.0,1028899471334,1028900000000.0,0,1028899471334.0,0,3,4327434354662.0,4327434883328.0
370,ANCH0002,TAG00001,100,0,1,1028900000000.0,1028899471125,1028900000000.0,0,1028899471125.0,0,3,4327434354453.0,4327434883328.0
371,ANCH0003,TAG00001,100,0,1,1028900000000.0,1028899471035,1028900000000.0,0,1028899471035.0,0,3,4327434354363.0,4327434883328.0
372,ANCH0004,TAG00001,100,0,1,1028900000000.0,1028899470974,1028900000000.0,0,1028899470974.0,0,3,4327434354302.0,4327434883328.0
373,ANCH0001,TAG00001,101,0,1,1090330000000.0,1090330486962,1090330000000.0,0,1090330486962.0,0,3,4388865370290.0,4388864883328.0
374,ANCH0002,TAG00001,101,0,1,1090330000000.0,1090330486759,1090330000000.0,0,1090330486759.0,0,3,4388865370087.0,4388864883328.0
375,ANCH0003,TAG00001,101,0,1,1090330000000.0,1090330503613,1090330000000.0,0,1090330503613.0,0,3,4388865386941.0,4388864883328.0
376,ANCH0004,TAG00001,101,0,1,1090330000000.0,1090330501758,1090330000000.0,0,1090330501758.0,0,3,4388865385086.0,4388864883328.0
377,ANCH0004,TAG00001,102,0,1,51667728188.0,51667728188,51667728188.0,0,51667728188.0,0,4,4449714239292.0,4449714239292.0
378,ANCH0002,TAG00001,102,0,1,51667728320.0,51667728320,51667728320.0,0,51667728320.0,0,4,4449714239424.0,4449714239424.0
379,ANCH0003,TAG00001,102,0,1,51667728278.0,51667728278,51667728278.0,0,51667728278.0,0,4,4449714239382.0,4449714239382.0
380,ANCH0001,TAG00001,103,0,1,113719000000.0,113718768519,113719000000.0,0,113718768519.0,0,4,4511765279623.0,4511765511104.0
381,ANCH0002,TAG00001,103,0,1,113719000000.0,113718768294,113719000000.0,0,113718768294.0,0,4,4511765279398.0,4511765511104.0
382,ANCH0004,TAG00001,103,0,1,113719000000.0,113718768211,113719000000.0,0,113718768211.0,0,4,4511765279315.0,4511765511104.0
383,ANCH0003,TAG00001,103,0,1,113719000000.0,113718768232,113719000000.0,0,113718768232.0,0,4,4511765279336.0,4511765511104.0
384,ANCH0001,TAG00001,104,0,1,175773000000.0,175773437560,175773000000.0,0,175773437560.0,0,4,4573819948664.0,4573819511104.0
385,ANCH0002,TAG00001,104,0,1,175773000000.0,175773437320,175773000000.0,0,175773437320.0,0,4,4573819948424.0,4573819511104.0
386,ANCH0004,TAG00001,104,0,1,175773000000.0,175773437238,175773000000.0,0,175773437238.0,0,4,4573819948342.0,4573819511104.0
387,ANCH0001,TAG00001,105,0,1,236615000000.0,236615065541,236615000000.0,0,236615065541.0,0,4,4634661576645.0,4634661511104.0
388,ANCH0003,TAG00001,105,0,1,236615000000.0,236615065272,236615000000.0,0,236615065272.0,0,4,4634661576376.0,4634661511104.0
389,ANCH0002,TAG00001,105,0,1,236615000000.0,236615065314,236615000000.0,0,236615065314.0,0,4,4634661576418.0,4634661511104.0
390,ANCH0004,TAG00001,105,0,1,236615000000.0,236615065185,236615000000.0,0,236615065185.0,0,4,4634661576289.0,4634661511104.0
391,ANCH0001,TAG00001,106,0,1,258316000000.0,258315739075,258316000000.0,0,258315739075.0,0,4,4656362250179.0,4656362511104.0
392,ANCH0004,TAG00001,106,0,1,258316000000.0,258315738750,258316000000.0,0,258315738750.0,0,4,4656362249854.0,4656362511104.0
393,ANCH0002,TAG00001,106,0,1,258316000000.0,258315738825,258316000000.0,0,258315738825.0,0,4,4656362249929.0,4656362511104.0
394,ANCH0003,TAG00001,106,0,1,258316000000.0,258315738840,258316000000.0,0,258315738840.0,0,4,4656362249944.0,4656362511104.0
395,ANCH0004,TAG00001,107,0,1,289692000000.0,289691946390,289692000000.0,0,289691946390.0,0,4,4687738457494.0,4687738511104.0
396,ANCH0002,TAG00001,107,0,1,289692000000.0,289691946458,289692000000.0,0,289691946458.0,0,4,4687738457562.0,4687738511104.0
397,ANCH0003,TAG00001,107,0,1,289692000000.0,289691946378,289692000000.0,0,289691946378.0,0,4,4687738457482.0,4687738511104.0
398,ANCH0001,TAG00001,108,0,1,321071000000.0,321070935960,321071000000.0,0,321070935960.0,0,4,4719117447064.0,4719117511104.0
399,ANCH0004,TAG00001,108,0,1,321071000000.0,321070935681,321071000000.0,0,321070935681.0,0,4,4719117446785.0,4719117511104.0
400,ANCH0002,TAG00001,108,0,1,321071000000.0,321070935700,321071000000.0,0,321070935700.0,0,4,4719117446804.0,4719117511104.0
401,ANCH0003,TAG00001,108,0,1,321071000000.0,321070935623,321071000000.0,0,321070935623.0,0,4,4719117446727.0,4719117511104.0
402,ANCH0001,TAG00001,109,0,1,351846000000.0,351845872623,351846000000.0,0,351845872623.0,0,4,4749892383727.0,4749892511104.0
403,ANCH0002,TAG00001,109,0,1,351846000000.0,351845872275,351846000000.0,0,351845872275.0,0,4,4749892383379.0,4749892511104.0
404,ANCH0004,TAG00001,109,0,1,351846000000.0,351845872410,351846000000.0,0,351845872410.0,0,4,4749892383514.0,4749892511104.0
405,ANCH0001,TAG00001,110,0,1,382905000000.0,382905166775,382905000000.0,0,382905166775.0,0,4,4780951677879.0,4780951511104.0
406,ANCH0004,TAG00001,110,0,1,382905000000.0,382905166419,382905000000.0,0,382905166419.0,0,4,4780951677523.0,4780951511104.0
407,ANCH0002,TAG00001,110,0,1,382905000000.0,382905166382,382905000000.0,0,382905166382.0,0,4,4780951677486.0,4780951511104.0
408,ANCH0003,TAG00001,110,0,1,382905000000.0,382905166425,382905000000.0,0,382905166425.0,0,4,4780951677529.0,4780951511104.0
409,ANCH0004,TAG00001,111,0,1,413950000000.0,413949792959,413950000000.0,0,413949792959.0,0,4,4811996304063.0,4811996511104.0
410,ANCH0001,TAG00001,111,0,1,413950000000.0,413949793178,413950000000.0,0,413949793178.0,0,4,4811996304282.0,4811996511104.0
411,ANCH0002,TAG00001,111,0,1,413950000000.0,413949792681,413950000000.0,0,413949792681.0,0,4,4811996303785.0,4811996511104.0
412,ANCH0003,TAG00001,111,0,1,413950000000.0,413949792668,413950000000.0,0,413949792668.0,0,4,4811996303772.0,4811996511104.0
413,ANCH0004,TAG00001,112,0,1,445305000000.0,445304816249,445305000000.0,0,445304816249.0,0,4,4843351327353.0,4843351511104.0
414,ANCH0001,TAG00001,112,0,1,445305000000.0,445304816502,445305000000.0,0,445304816502.0,0,4,4843351327606.0,4843351511104.0
415,ANCH0002,TAG00001,112,0,1,445305000000.0,445304815951,445305000000.0,0,445304815951.0,0,4,4843351327055.0,4843351511104.0
416,ANCH0003,TAG00001,112,0,1,445305000000.0,445304815970,445305000000.0,0,445304815970.0,0,4,4843351327074.0,4843351511104.0
417,ANCH0003,TAG00001,113,0,1,464572000000.0,464572257491,464572000000.0,0,464572257491.0,0,4,4862618768595.0,4862618511104.0
418,ANCH0001,TAG00001,113,0,1,464572000000.0,464572257991,464572000000.0,0,464572257991.0,0,4,4862618769095.0,4862618511104.0
419,ANCH0002,TAG00001,113,0,1,464572000000.0,464572257458,464572000000.0,0,464572257458.0,0,4,4862618768562.0,4862618511104.0
420,ANCH0004,TAG00001,113,0,1,464572000000.0,464572257631,464572000000.0,0,464572257631.0,0,4,4862618768735.0,4862618511104.0
421,ANCH0001,TAG00001,114,0,1,490349000000.0,490348896743,490349000000.0,0,490348896743.0,0,4,4888395407847.0,4888395511104.0
422,ANCH0002,TAG00001,114,0,1,490349000000.0,490348896120,490349000000.0,0,490348896120.0,0,4,4888395407224.0,4888395511104.0
423,ANCH0004,TAG00001,114,0,1,490349000000.0,490348896488,490349000000.0,0,490348896488.0,0,4,4888395407592.0,4888395511104.0
424,ANCH0003,TAG00001,114,0,1,490349000000.0,490348896137,490349000000.0,0,490348896137.0,0,4,4888395407241.0,4888395511104.0
425,ANCH0001,TAG00001,115,0,1,510970000000.0,510970176854,510970000000.0,0,510970176854.0,0,4,4909016687958.0,4909016511104.0
426,ANCH0003,TAG00001,115,0,1,510970000000.0,510970176363,510970000000.0,0,510970176363.0,0,4,4909016687467.0,4909016511104.0
427,ANCH0004,TAG00001,115,0,1,510970000000.0,510970176694,510970000000.0,0,510970176694.0,0,4,4909016687798.0,4909016511104.0
428,ANCH0002,TAG00001,115,0,1,510970000000.0,510970176365,510970000000.0,0,510970176365.0,0,4,4909016687469.0,4909016511104.0
429,ANCH0001,TAG00001,116,0,1,542014000000.0,542014040136,542014000000.0,0,542014040136.0,0,4,4940060551240.0,4940060511104.0
430,ANCH0004,TAG00001,116,0,1,542014000000.0,542014039920,542014000000.0,0,542014039920.0,0,4,4940060551024.0,4940060511104.0
431,ANCH0003,TAG00001,116,0,1,542014000000.0,542014039703,542014000000.0,0,542014039703.0,0,4,4940060550807.0,4940060511104.0
432,ANCH0002,TAG00001,116,0,1,542014000000.0,542014039648,542014000000.0,0,542014039648.0,0,4,4940060550752.0,4940060511104.0
433,ANCH0001,TAG00001,117,0,1,572840000000.0,572839869089,572840000000.0,0,572839869089.0,0,4,4970886380193.0,4970886511104.0
434,ANCH0003,TAG00001,117,0,1,572840000000.0,572839868635,572840000000.0,0,572839868635.0,0,4,4970886379739.0,4970886511104.0
435,ANCH0004,TAG00001,117,0,1,572840000000.0,572839868959,572840000000.0,0,572839868959.0,0,4,4970886380063.0,4970886511104.0
436,ANCH0002,TAG00001,117,0,1,572840000000.0,572839868595,572840000000.0,0,572839868595.0,0,4,4970886379699.0,4970886511104.0
437,ANCH0004,TAG00001,118,0,1,603885000000.0,603884889133,603885000000.0,0,603884889133.0,0,4,5001931400237.0,5001931511104.0
438,ANCH0002,TAG00001,118,0,1,603885000000.0,603884888836,603885000000.0,0,603884888836.0,0,4,5001931399940.0,5001931511104.0
439,ANCH0003,TAG00001,118,0,1,603885000000.0,603884888894,603885000000.0,0,603884888894.0,0,4,5001931399998.0,5001931511104.0
440,ANCH0001,TAG00001,119,0,1,629552000000.0,629552034840,629552000000.0,0,629552034840.0,0,4,5027598545944.0,5027598511104.0
441,ANCH0002,TAG00001,119,0,1,629552000000.0,629552034292,629552000000.0,0,629552034292.0,0,4,5027598545396.0,5027598511104.0
442,ANCH0003,TAG00001,119,0,1,629552000000.0,629552034367,629552000000.0,0,629552034367.0,0,4,5027598545471.0,5027598511104.0
443,ANCH0004,TAG00001,119,0,1,629552000000.0,629552034485,629552000000.0,0,629552034485.0,0,4,5027598545589.0,5027598511104.0
444,ANCH0001,TAG00001,120,0,1,639864000000.0,639864140443,639864000000.0,0,639864140443.0,0,4,5037910651547.0,5037910511104.0
445,ANCH0002,TAG00001,120,0,1,639864000000.0,639864139933,639864000000.0,0,639864139933.0,0,4,5037910651037.0,5037910511104.0
446,ANCH0003,TAG00001,120,0,1,639864000000.0,639864140024,639864000000.0,0,639864140024.0,0,4,5037910651128.0,5037910511104.0
447,ANCH0004,TAG00001,120,0,1,639864000000.0,639864140300,639864000000.0,0,639864140300.0,0,4,5037910651404.0,5037910511104.0
448,ANCH0002,TAG00001,121,0,1,655335000000.0,655335283168,655335000000.0,0,655335283168.0,0,4,5053381794272.0,5053381511104.0
449,ANCH0003,TAG00001,121,0,1,655335000000.0,655335283215,655335000000.0,0,655335283215.0,0,4,5053381794319.0,5053381511104.0
450,ANCH0001,TAG00001,122,0,1,670804000000.0,670803621158,670804000000.0,0,670803621158.0,0,4,5068850132262.0,5068850511104.0
451,ANCH0004,TAG00001,121,0,1,655335000000.0,655335283610,655335000000.0,0,655335283610.0,0,4,5053381794714.0,5053381511104.0
452,ANCH0004,TAG00001,122,0,1,670804000000.0,670803621011,670804000000.0,0,670803621011.0,0,4,5068850132115.0,5068850511104.0
453,ANCH0001,TAG00001,123,0,1,686270000000.0,686270321311,686270000000.0,0,686270321311.0,0,4,5084316832415.0,5084316511104.0
454,ANCH0002,TAG00001,122,0,1,670804000000.0,670803620641,670804000000.0,0,670803620641.0,0,4,5068850131745.0,5068850511104.0
455,ANCH0003,TAG00001,122,0,1,670804000000.0,670803620730,670804000000.0,0,670803620730.0,0,4,5068850131834.0,5068850511104.0
456,ANCH0004,TAG00001,123,0,1,686270000000.0,686270321113,686270000000.0,0,686270321113.0,0,4,5084316832217.0,5084316511104.0
457,ANCH0002,TAG00001,123,0,1,686270000000.0,686270320801,686270000000.0,0,686270320801.0,0,4,5084316831905.0,5084316511104.0
458,ANCH0003,TAG00001,123,0,1,686270000000.0,686270320873,686270000000.0,0,686270320873.0,0,4,5084316831977.0,5084316511104.0
459,ANCH0001,TAG00001,124,0,1,696583000000.0,696583460186,696583000000.0,0,696583460186.0,0,4,5094629971290.0,5094629511104.0
460,ANCH0002,TAG00001,124,0,1,696583000000.0,696583459677,696583000000.0,0,696583459677.0,0,4,5094629970781.0,5094629511104.0
461,ANCH0001,TAG00001,125,0,1,706897000000.0,706897354045,706897000000.0,0,706897354045.0,0,4,5104943865149.0,5104943511104.0
462,ANCH0004,TAG00001,124,0,1,696583000000.0,696583459997,696583000000.0,0,696583459997.0,0,4,5094629971101.0,5094629511104.0
463,ANCH0003,TAG00001,124,0,1,696583000000.0,696583459777,696583000000.0,0,696583459777.0,0,4,5094629970881.0,5094629511104.0
464,ANCH0004,TAG00001,125,0,1,706897000000.0,706897353832,706897000000.0,0,706897353832.0,0,4,5104943864936.0,5104943511104.0
465,ANCH0003,TAG00001,125,0,1,706897000000.0,706897353601,706897000000.0,0,706897353601.0,0,4,5104943864705.0,5104943511104.0
466,ANCH0002,TAG00001,125,0,1,706897000000.0,706897353509,706897000000.0,0,706897353509.0,0,4,5104943864613.0,5104943511104.0
467,ANCH0001,TAG00001,126,0,1,737836000000.0,737835841448,737836000000.0,0,737835841448.0,0,4,5135882352552.0,5135882511104.0
468,ANCH0004,TAG00001,126,0,1,737836000000.0,737835841142,737836000000.0,0,737835841142.0,0,4,5135882352246.0,5135882511104.0
469,ANCH0003,TAG00001,126,0,1,737836000000.0,737835840891,737836000000.0,0,737835840891.0,0,4,5135882351995.0,5135882511104.0
470,ANCH0002,TAG00001,126,0,1,737836000000.0,737835840960,737836000000.0,0,737835840960.0,0,4,5135882352064.0,5135882511104.0
471,ANCH0001,TAG00001,127,0,1,758459000000.0,758459023636,758459000000.0,0,758459023636.0,0,4,5156505534740.0,5156505511104.0
472,ANCH0004,TAG00001,127,0,1,758459000000.0,758459023425,758459000000.0,0,758459023425.0,0,4,5156505534529.0,5156505511104.0
473,ANCH0002,TAG00001,127,0,1,758459000000.0,758459023219,758459000000.0,0,758459023219.0,0,4,5156505534323.0,5156505511104.0
474,ANCH0003,TAG00001,127,0,1,758459000000.0,758459023230,758459000000.0,0,758459023230.0,0,4,5156505534334.0,5156505511104.0
475,ANCH0001,TAG00001,128,0,1,788925000000.0,788924564630,788925000000.0,0,788924564630.0,0,4,5186971075734.0,5186971511104.0
476,ANCH0001,TAG00001,129,0,1,794546000000.0,794545631985,794546000000.0,0,794545631985.0,0,4,5192592143089.0,5192592511104.0
477,ANCH0002,TAG00001,128,0,1,788925000000.0,788924564278,788925000000.0,0,788924564278.0,0,4,5186971075382.0,5186971511104.0
478,ANCH0004,TAG00001,128,0,1,788925000000.0,788924564399,788925000000.0,0,788924564399.0,0,4,5186971075503.0,5186971511104.0
479,ANCH0002,TAG00001,129,0,1,794546000000.0,794545631650,794546000000.0,0,794545631650.0,0,4,5192592142754.0,5192592511104.0
480,ANCH0004,TAG00001,129,0,1,794546000000.0,794545631759,794546000000.0,0,794545631759.0,0,4,5192592142863.0,5192592511104.0
481,ANCH0003,TAG00001,128,0,1,788925000000.0,788924564246,788925000000.0,0,788924564246.0,0,4,5186971075350.0,5186971511104.0
482,ANCH0003,TAG00001,129,0,1,794546000000.0,794545631588,794546000000.0,0,794545631588.0,0,4,5192592142692.0,5192592511104.0
483,ANCH0001,TAG00001,130,0,1,825914000000.0,825914463002,825914000000.0,0,825914463002.0,0,4,5223960974106.0,5223960511104.0
484,ANCH0004,TAG00001,130,0,1,825914000000.0,825914462790,825914000000.0,0,825914462790.0,0,4,5223960973894.0,5223960511104.0
485,ANCH0002,TAG00001,130,0,1,825914000000.0,825914462706,825914000000.0,0,825914462706.0,0,4,5223960973810.0,5223960511104.0
486,ANCH0001,TAG00001,131,0,1,857604000000.0,857603940959,857604000000.0,0,857603940959.0,0,4,5255650452063.0,5255650511104.0
487,ANCH0004,TAG00001,131,0,1,857604000000.0,857603940782,857604000000.0,0,857603940782.0,0,4,5255650451886.0,5255650511104.0
488,ANCH0003,TAG00001,131,0,1,857604000000.0,857603940638,857604000000.0,0,857603940638.0,0,4,5255650451742.0,5255650511104.0
489,ANCH0002,TAG00001,131,0,1,857604000000.0,857603940681,857604000000.0,0,857603940681.0,0,4,5255650451785.0,5255650511104.0
490,ANCH0004,TAG00001,132,0,1,888062000000.0,888061828064,888062000000.0,0,888061828064.0,0,4,5286108339168.0,5286108511104.0
491,ANCH0003,TAG00001,132,0,1,888062000000.0,888061827910,888062000000.0,0,888061827910.0,0,4,5286108339014.0,5286108511104.0
492,ANCH0002,TAG00001,132,0,1,888062000000.0,888061827968,888062000000.0,0,888061827968.0,0,4,5286108339072.0,5286108511104.0
493,ANCH0001,TAG00001,133,0,1,919755000000.0,919754907398,919755000000.0,0,919754907398.0,0,4,5317801418502.0,5317801511104.0
494,ANCH0002,TAG00001,133,0,1,919755000000.0,919754907080,919755000000.0,0,919754907080.0,0,4,5317801418184.0,5317801511104.0
495,ANCH0004,TAG00001,133,0,1,919755000000.0,919754907206,919755000000.0,0,919754907206.0,0,4,5317801418310.0,5317801511104.0
496,ANCH0001,TAG00001,134,0,1,933751000000.0,933751264563,933751000000.0,0,933751264563.0,0,4,5331797775667.0,5331797511104.0
497,ANCH0002,TAG00001,134,0,1,933751000000.0,933751264229,933751000000.0,0,933751264229.0,0,4,5331797775333.0,5331797511104.0
498,ANCH0004,TAG00001,134,0,1,933751000000.0,933751264320,933751000000.0,0,933751264320.0,0,4,5331797775424.0,5331797511104.0
499,ANCH0003,TAG00001,133,0,1,919755000000.0,919754907008,919755000000.0,0,919754907008.0,0,4,5317801418112.0,5317801511104.0
500,ANCH0003,TAG00001,134,0,1,933751000000.0,933751264134,933751000000.0,0,933751264134.0,0,4,5331797775238.0,5331797511104.0
501,ANCH0001,TAG00001,135,0,1,949219000000.0,949218815452,949219000000.0,0,949218815452.0,0,4,5347265326556.0,5347265511104.0
502,ANCH0003,TAG00001,135,0,1,949219000000.0,949218815095,949219000000.0,0,949218815095.0,0,4,5347265326199.0,5347265511104.0
503,ANCH0004,TAG00001,135,0,1,949219000000.0,949218815231,949219000000.0,0,949218815231.0,0,4,5347265326335.0,5347265511104.0
504,ANCH0002,TAG00001,135,0,1,949219000000.0,949218815104,949219000000.0,0,949218815104.0,0,4,5347265326208.0,5347265511104.0
505,ANCH0001,TAG00001,136,0,1,980264000000.0,980264082948,980264000000.0,0,980264082948.0,0,4,5378310594052.0,5378310511104.0
506,ANCH0004,TAG00001,136,0,1,980264000000.0,980264082714,980264000000.0,0,980264082714.0,0,4,5378310593818.0,5378310511104.0
507,ANCH0002,TAG00001,136,0,1,980264000000.0,980264082611,980264000000.0,0,980264082611.0,0,4,5378310593715.0,5378310511104.0
508,ANCH0003,TAG00001,136,0,1,980264000000.0,980264082602,980264000000.0,0,980264082602.0,0,4,5378310593706.0,5378310511104.0
509,ANCH0001,TAG00001,137,0,1,1011020000000.0,1011016471335,1011020000000.0,0,1011016471335.0,0,4,5409062982439.0,5409066511104.0
510,ANCH0004,TAG00001,137,0,1,1011020000000.0,1011016471102,1011020000000.0,0,1011016471102.0,0,4,5409062982206.0,5409066511104.0
511,ANCH0002,TAG00001,137,0,1,1011020000000.0,1011016470997,1011020000000.0,0,1011016470997.0,0,4,5409062982101.0,5409066511104.0
512,ANCH0003,TAG00001,137,0,1,1011020000000.0,1011016470949,1011020000000.0,0,1011016470949.0,0,4,5409062982053.0,5409066511104.0
513,ANCH0001,TAG00001,138,0,1,1041770000000.0,1041769916463,1041770000000.0,0,1041769916463.0,0,4,5439816427567.0,5439816511104.0
514,ANCH0001,TAG00001,139,0,1,1047190000000.0,1047187358375,1047190000000.0,0,1047187358375.0,0,4,5445233869479.0,5445236511104.0
515,ANCH0003,TAG00001,138,0,1,1041770000000.0,1041769916096,1041770000000.0,0,1041769916096.0,0,4,5439816427200.0,5439816511104.0
516,ANCH0003,TAG00001,139,0,1,1047190000000.0,1047187358009,1047190000000.0,0,1047187358009.0,0,4,5445233869113.0,5445236511104.0
517,ANCH0002,TAG00001,138,0,1,1041770000000.0,1041769916130,1041770000000.0,0,1041769916130.0,0,4,5439816427234.0,5439816511104.0
518,ANCH0002,TAG00001,139,0,1,1047190000000.0,1047187358038,1047190000000.0,0,1047187358038.0,0,4,5445233869142.0,5445236511104.0
519,ANCH0004,TAG00001,138,0,1,1041770000000.0,1041769916252,1041770000000.0,0,1041769916252.0,0,4,5439816427356.0,5439816511104.0
520,ANCH0004,TAG00001,139,0,1,1047190000000.0,1047187358171,1047190000000.0,0,1047187358171.0,0,4,5445233869275.0,5445236511104.0
521,ANCH0001,TAG00001,140,0,1,1077630000000.0,1077625431055,1077630000000.0,0,1077625431055.0,0,4,5475671942159.0,5475676511104.0
522,ANCH0002,TAG00001,140,0,1,1077630000000.0,1077625430729,1077630000000.0,0,1077625430729.0,0,4,5475671941833.0,5475676511104.0
523,ANCH0004,TAG00001,140,0,1,1077630000000.0,1077625430854,1077630000000.0,0,1077625430854.0,0,4,5475671941958.0,5475676511104.0
524,ANCH0003,TAG00001,140,0,1,1077630000000.0,1077625430706,1077630000000.0,0,1077625430706.0,0,4,5475671941810.0,5475676511104.0
525,ANCH0001,TAG00001,141,0,1,10078976713.0,10078976713,10078976713.0,0,10078976713.0,0,5,5507637115593.0,5507637115593.0
526,ANCH0004,TAG00001,141,0,1,10078970932.0,10078970932,10078970932.0,0,10078970932.0,0,5,5507637109812.0,5507637109812.0
527,ANCH0002,TAG00001,141,0,1,10078976430.0,10078976430,10078976430.0,0,10078976430.0,0,5,5507637115310.0,5507637115310.0
528,ANCH0003,TAG00001,141,0,1,10078952500.0,10078952500,10078952500.0,0,10078952500.0,0,5,5507637091380.0,5507637091380.0
529,ANCH0001,TAG00001,142,0,1,25025024398.0,25025024398,25025024398.0,0,25025024398.0,0,5,5522583163278.0,5522583163278.0
530,ANCH0004,TAG00001,142,0,1,25025024172.0,25025024172,25025024172.0,0,25025024172.0,0,5,5522583163052.0,5522583163052.0
531,ANCH0002,TAG00001,142,0,1,25025024111.0,25025024111,25025024111.0,0,25025024111.0,0,5,5522583162991.0,5522583162991.0
532,ANCH0002,TAG00001,143,0,1,52906107147.0,52906107147,52906107147.0,0,52906107147.0,0,5,5550464246027.0,5550464246027.0
533,ANCH0001,TAG00001,144,0,1,66271108250.0,66271108250,66271108250.0,0,66271108250.0,0,5,5563829247130.0,5563829247130.0
534,ANCH0003,TAG00001,143,0,1,52906107059.0,52906107059,52906107059.0,0,52906107059.0,0,5,5550464245939.0,5550464245939.0
535,ANCH0002,TAG00001,144,0,1,66271107949.0,66271107949,66271107949.0,0,66271107949.0,0,5,5563829246829.0,5563829246829.0
536,ANCH0004,TAG00001,143,0,1,52906107263.0,52906107263,52906107263.0,0,52906107263.0,0,5,5550464246143.0,5550464246143.0
537,ANCH0003,TAG00001,144,0,1,66271107918.0,66271107918,66271107918.0,0,66271107918.0,0,5,5563829246798.0,5563829246798.0
538,ANCH0004,TAG00001,144,0,1,66271108052.0,66271108052,66271108052.0,0,66271108052.0,0,5,5563829246932.0,5563829246932.0
539,ANCH0001,TAG00001,145,0,1,97940691153.0,97940691153,97940691153.0,0,97940691153.0,0,5,5595498830033.0,5595498830033.0
540,ANCH0004,TAG00001,145,0,1,97940690947.0,97940690947,97940690947.0,0,97940690947.0,0,5,5595498829827.0,5595498829827.0
541,ANCH0002,TAG00001,145,0,1,97940690840.0,97940690840,97940690840.0,0,97940690840.0,0,5,5595498829720.0,5595498829720.0
542,ANCH0001,TAG00001,146,0,1,129010000000.0,129010437326,129010000000.0,0,129010437326.0,0,5,5626568576206.0,5626568138880.0
543,ANCH0002,TAG00001,146,0,1,129010000000.0,129010437017,129010000000.0,0,129010437017.0,0,5,5626568575897.0,5626568138880.0
544,ANCH0004,TAG00001,146,0,1,129010000000.0,129010437111,129010000000.0,0,129010437111.0,0,5,5626568575991.0,5626568138880.0
545,ANCH0001,TAG00001,147,0,1,148768000000.0,148767765367,148768000000.0,0,148767765367.0,0,5,5646325904247.0,5646326138880.0
546,ANCH0002,TAG00001,147,0,1,148768000000.0,148767765071,148768000000.0,0,148767765071.0,0,5,5646325903951.0,5646326138880.0
547,ANCH0001,TAG00001,148,0,1,159079000000.0,159078874409,159079000000.0,0,159078874409.0,0,5,5656637013289.0,5656637138880.0
548,ANCH0004,TAG00001,147,0,1,148768000000.0,148767765161,148768000000.0,0,148767765161.0,0,5,5646325904041.0,5646326138880.0
549,ANCH0003,TAG00001,147,0,1,148768000000.0,148767765016,148768000000.0,0,148767765016.0,0,5,5646325903896.0,5646326138880.0
550,ANCH0004,TAG00001,148,0,1,159079000000.0,159078874226,159079000000.0,0,159078874226.0,0,5,5656637013106.0,5656637138880.0
551,ANCH0003,TAG00001,148,0,1,159079000000.0,159078874072,159079000000.0,0,159078874072.0,0,5,5656637012952.0,5656637138880.0
552,ANCH0002,TAG00001,148,0,1,159079000000.0,159078874104,159079000000.0,0,159078874104.0,0,5,5656637012984.0,5656637138880.0
553,ANCH0004,TAG00001,149,0,1,184857000000.0,184856968308,184857000000.0,0,184856968308.0,0,5,5682415107188.0,5682415138880.0
554,ANCH0002,TAG00001,149,0,1,184857000000.0,184856968202,184857000000.0,0,184856968202.0,0,5,5682415107082.0,5682415138880.0
555,ANCH0003,TAG00001,149,0,1,184857000000.0,184856968272,184857000000.0,0,184856968272.0,0,5,5682415107152.0,5682415138880.0
556,ANCH0001,TAG00001,150,0,1,216200000000.0,216199712560,216200000000.0,0,216199712560.0,0,5,5713757851440.0,5713758138880.0
557,ANCH0003,TAG00001,150,0,1,216200000000.0,216199712370,216200000000.0,0,216199712370.0,0,5,5713757851250.0,5713758138880.0
558,ANCH0004,TAG00001,150,0,1,216200000000.0,216199712343,216200000000.0,0,216199712343.0,0,5,5713757851223.0,5713758138880.0
559,ANCH0002,TAG00001,150,0,1,216200000000.0,216199712256,216200000000.0,0,216199712256.0,0,5,5713757851136.0,5713758138880.0
560,ANCH0001,TAG00001,151,0,1,247246000000.0,247245571582,247246000000.0,0,247245571582.0,0,5,5744803710462.0,5744804138880.0
561,ANCH0002,TAG00001,151,0,1,247246000000.0,247245571300,247246000000.0,0,247245571300.0,0,5,5744803710180.0,5744804138880.0
562,ANCH0004,TAG00001,151,0,1,247246000000.0,247245571373,247246000000.0,0,247245571373.0,0,5,5744803710253.0,5744804138880.0
563,ANCH0001,TAG00001,152,0,1,272508000000.0,272507837179,272508000000.0,0,272507837179.0,0,5,5770065976059.0,5770066138880.0
564,ANCH0002,TAG00001,152,0,1,272508000000.0,272507836881,272508000000.0,0,272507836881.0,0,5,5770065975761.0,5770066138880.0
565,ANCH0003,TAG00001,151,0,1,247246000000.0,247245571262,247246000000.0,0,247245571262.0,0,5,5744803710142.0,5744804138880.0
566,ANCH0003,TAG00001,152,0,1,272508000000.0,272507836981,272508000000.0,0,272507836981.0,0,5,5770065975861.0,5770066138880.0
567,ANCH0004,TAG00001,152,0,1,272508000000.0,272507837015,272508000000.0,0,272507837015.0,0,5,5770065975895.0,5770066138880.0
568,ANCH0001,TAG00001,153,0,0,287975000000.0,287975495446,287975000000.0,0,287975495446.0,0,5,5785533634326.0,5785533138880.0
569,ANCH0002,TAG00001,153,0,0,287975000000.0,287975495158,287975000000.0,0,287975495158.0,0,5,5785533634038.0,5785533138880.0
570,ANCH0001,TAG00001,154,0,0,303443000000.0,303443434090,303443000000.0,0,303443434090.0,0,5,5801001572970.0,5801001138880.0
571,ANCH0002,TAG00001,154,0,0,303443000000.0,303443433748,303443000000.0,0,303443433748.0,0,5,5801001572628.0,5801001138880.0
572,ANCH0004,TAG00001,153,0,0,287975000000.0,287975495247,287975000000.0,0,287975495247.0,0,5,5785533634127.0,5785533138880.0
573,ANCH0004,TAG00001,154,0,0,303443000000.0,303443433876,303443000000.0,0,303443433876.0,0,5,5801001572756.0,5801001138880.0
574,ANCH0003,TAG00001,154,0,0,303443000000.0,303443433777,303443000000.0,0,303443433777.0,0,5,5801001572657.0,5801001138880.0
575,ANCH0001,TAG00001,155,0,0,329221000000.0,329220689486,329221000000.0,0,329220689486.0,0,5,5826778828366.0,5826779138880.0
576,ANCH0003,TAG00001,155,0,0,329221000000.0,329220689175,329221000000.0,0,329220689175.0,0,5,5826778828055.0,5826779138880.0
577,ANCH0002,TAG00001,155,0,0,329221000000.0,329220689266,329221000000.0,0,329220689266.0,0,5,5826778828146.0,5826779138880.0
578,ANCH0004,TAG00001,155,0,0,329221000000.0,329220689304,329221000000.0,0,329220689304.0,0,5,5826778828184.0,5826779138880.0
579,ANCH0001,TAG00001,156,0,0,344688000000.0,344688085956,344688000000.0,0,344688085956.0,0,5,5842246224836.0,5842246138880.0
580,ANCH0002,TAG00001,156,0,0,344688000000.0,344688085649,344688000000.0,0,344688085649.0,0,5,5842246224529.0,5842246138880.0
581,ANCH0004,TAG00001,156,0,0,344688000000.0,344688085679,344688000000.0,0,344688085679.0,0,5,5842246224559.0,5842246138880.0
582,ANCH0001,TAG00001,157,0,0,372570000000.0,372570239639,372570000000.0,0,372570239639.0,0,5,5870128378519.0,5870128138880.0
583,ANCH0004,TAG00001,157,0,0,372570000000.0,372570239429,372570000000.0,0,372570239429.0,0,5,5870128378309.0,5870128138880.0
584,ANCH0002,TAG00001,157,0,0,372570000000.0,372570239349,372570000000.0,0,372570239349.0,0,5,5870128378229.0,5870128138880.0
585,ANCH0003,TAG00001,156,0,0,344688000000.0,344688085584,344688000000.0,0,344688085584.0,0,5,5842246224464.0,5842246138880.0
586,ANCH0003,TAG00001,157,0,0,372570000000.0,372570239334,372570000000.0,0,372570239334.0,0,5,5870128378214.0,5870128138880.0
587,ANCH0001,TAG00001,158,0,0,404521000000.0,404520772909,404521000000.0,0,404520772909.0,0,5,5902078911789.0,5902079138880.0
588,ANCH0003,TAG00001,158,0,0,404521000000.0,404520772586,404521000000.0,0,404520772586.0,0,5,5902078911466.0,5902079138880.0
589,ANCH0002,TAG00001,158,0,0,404521000000.0,404520772614,404521000000.0,0,404520772614.0,0,5,5902078911494.0,5902079138880.0
590,ANCH0004,TAG00001,158,0,0,404521000000.0,404520772681,404521000000.0,0,404520772681.0,0,5,5902078911561.0,5902079138880.0
591,ANCH0001,TAG00001,159,0,0,434444000000.0,434443673332,434444000000.0,0,434443673332.0,0,5,5932001812212.0,5932002138880.0
592,ANCH0002,TAG00001,159,0,0,434444000000.0,434443673026,434444000000.0,0,434443673026.0,0,5,5932001811906.0,5932002138880.0
593,ANCH0004,TAG00001,159,0,0,434444000000.0,434443673169,434444000000.0,0,434443673169.0,0,5,5932001812049.0,5932002138880.0
594,ANCH0004,TAG00001,160,0,0,458120000000.0,458120241917,458120000000.0,0,458120241917.0,0,5,5955678380797.0,5955678138880.0
595,ANCH0002,TAG00001,160,0,0,458120000000.0,458120241908,458120000000.0,0,458120241908.0,0,5,5955678380788.0,5955678138880.0
596,ANCH0003,TAG00001,159,0,0,434444000000.0,434443673063,434444000000.0,0,434443673063.0,0,5,5932001811943.0,5932002138880.0
597,ANCH0003,TAG00001,160,0,0,458120000000.0,458120241966,458120000000.0,0,458120241966.0,0,5,5955678380846.0,5955678138880.0
598,ANCH0001,TAG00001,161,0,0,486006000000.0,486005856085,486006000000.0,0,486005856085.0,0,5,5983563994965.0,5983564138880.0
599,ANCH0002,TAG00001,161,0,0,486006000000.0,486005855814,486006000000.0,0,486005855814.0,0,5,5983563994694.0,5983564138880.0
600,ANCH0004,TAG00001,161,0,0,486006000000.0,486005855833,486006000000.0,0,486005855833.0,0,5,5983563994713.0,5983564138880.0
601,ANCH0001,TAG00001,162,0,0,516760000000.0,516760178551,516760000000.0,0,516760178551.0,0,5,6014318317431.0,6014318138880.0
602,ANCH0002,TAG00001,162,0,0,516760000000.0,516760178279,516760000000.0,0,516760178279.0,0,5,6014318317159.0,6014318138880.0
603,ANCH0003,TAG00001,161,0,0,486006000000.0,486005855801,486006000000.0,0,486005855801.0,0,5,5983563994681.0,5983564138880.0
604,ANCH0003,TAG00001,162,0,0,516760000000.0,516760178238,516760000000.0,0,516760178238.0,0,5,6014318317118.0,6014318138880.0
605,ANCH0004,TAG00001,162,0,0,516760000000.0,516760178331,516760000000.0,0,516760178331.0,0,5,6014318317211.0,6014318138880.0
606,ANCH0002,TAG00001,163,0,0,535464000000.0,535464226848,535464000000.0,0,535464226848.0,0,5,6033022365728.0,6033022138880.0
607,ANCH0004,TAG00001,163,0,0,535464000000.0,535464226891,535464000000.0,0,535464226891.0,0,5,6033022365771.0,6033022138880.0
608,ANCH0003,TAG00001,163,0,0,535464000000.0,535464226896,535464000000.0,0,535464226896.0,0,5,6033022365776.0,6033022138880.0
