customer_id,customer_segment,age,annual_income,monthly_expenses,monthly_savings,credit_score,debt_ratio,monthly_purchases,avg_order_value,site_visits,app_sessions,support_tickets,satisfaction_score,loyalty_score,churn_risk,time_on_platform_months,promo_response_rate,returns_count,delivery_delay_days,device_score,engagement_index
C0416,premium,43.0,49537.87,2012.57,2367.38,690.0,0.298,9.0,46.05,49.0,26.0,2.0,7.73,54.83,15.31,29.0,0.167,3.0,1.83,74.02,50.93
C0509,premium,32.0,61281.12,2536.37,2932.74,711.0,0.145,14.0,63.19,61.0,42.0,0,9.19,80.82,0,45.0,0.312,2.0,1.4,76.81,65.44
C0244,standard,45.0,38791.44,1572.34,1479.95,570.0,0.46,9.0,50.91,53.0,31.0,3.0,6.67,54.72,34.57,21.0,0.233,3.0,2.49,51.38,54.81
C0186,standard,43.0,55760.83,2356.67,2537.14,703.0,0.251,16.0,55.47,78.0,69.0,1.0,10,87.04,0,43.0,0.371,4.0,1.27,68.46,100
C0643,risk_group,40.0,46410.22,1865.0,1992.75,624.0,0.439,8.0,45.63,31.0,38.0,3.0,6.47,62.19,43.65,28.0,0.265,1.0,2.2,68.2,54.84
C0348,standard,34.0,36863.89,2042.92,604.97,548.0,0.405,14.0,48.44,73.0,51.0,1.0,6.83,67.87,33.3,47.0,0.334,3.0,1.7,56.38,68.45
C0336,standard,26.0,50903.1,2029.76,1943.38,647.0,0.179,15.0,60.64,79.0,50.0,1.0,6.47,55.09,17.67,34.0,0.277,2.0,2.12,69.11,76.84
C0621,risk_group,42.0,42500.03,1557.09,1943.69,612.0,0.46,13.0,49.73,85.0,45.0,4.0,6.19,62.83,45.96,30.0,0.378,2.0,2.18,72.4,79.84
C0455,premium,25.0,66303.63,2856.88,3015.7,737.0,0.115,20.0,66.62,92.0,52.0,1.0,8.81,83.82,0,47.0,0.374,2.0,2.57,87.27,91.44
C0064,economy,27.0,9000,451.43,-384.3,445.0,0.664,1.0,20.49,8.0,1.0,5.0,1.81,16.45,91.92,1,0.101,3.0,4.02,29.16,21.94
C0563,risk_group,31.0,20938.14,1051.93,189.26,562.0,0.432,6.0,37.08,31.0,22.0,4.0,5.03,33.99,49.29,14.0,0.267,3.0,2.2,81.39,43.64
C0116,economy,20.0,9000,263.94,256.51,491.0,0.516,1.0,14.02,11.0,0,4.0,5.36,19.27,55.48,1,0.142,0.0,1.28,32.92,17.24
C0385,premium,37.0,60848.49,2427.45,2789.65,625.0,0.337,17.0,67.9,70.0,62.0,3.0,7.96,77.6,12.72,38.0,0.422,3.0,2.33,82.39,83.34
C0173,economy,37.0,19271.13,793.79,413.83,479.0,0.377,3.0,30.05,11.0,6.0,4.0,5.86,36.54,50.17,11.0,0.122,2.0,2.53,43.89,27.83
C0177,standard,46.0,50474.15,2294.24,2233.31,658.0,0.313,13.0,54.43,51.0,29.0,3.0,6.05,77.04,37.29,37.0,0.282,3.0,2.92,62.3,50.08
C0006,economy,37.0,9212.62,383.18,-292.31,487.0,0.555,2.0,27.52,20.0,0,4.0,4.45,41.39,68.29,13.0,0.024,2.0,3.65,35.47,24.06
C0631,risk_group,37.0,33054.77,1158.82,1526.45,548.0,0.584,7.0,40.9,47.0,48.0,4.0,5.65,42.77,59.78,12.0,0.343,2.0,2.88,69.79,61.73
C0029,economy,34.0,15207.67,744.21,-337.63,490.0,0.538,6.0,26.84,32.0,34.0,5.0,5.15,31.73,62.66,19.0,0.244,5.0,3.54,58.29,48.19
C0516,premium,46.0,70630.39,2941.41,3476.39,674.0,0.199,21.0,56.81,79.0,48.0,3.0,8.44,87.23,6.24,60.0,0.321,3.0,1.62,89.13,87.34
C0003,economy,23.0,,565.12,520.56,570.0,0.428,8.0,32.13,30.0,7.0,2.0,4.93,35.16,59.08,12.0,0.334,3.0,2.74,44.97,46.47
C0181,standard,38.0,58917.35,2106.89,3070.18,,0.131,21.0,62.45,85.0,72.0,3.0,9.4,86.89,0,47.0,0.326,2.0,2.84,87.91,100
C0201,standard,32.0,42347.91,1657.49,2194.37,674.0,0.192,10.0,57.35,55.0,44.0,0.0,8.09,63.39,11.66,30.0,0.249,1.0,0.12,60.38,56.09
C0150,economy,30.0,21765.81,819.84,1130.22,613.0,0.33,10.0,39.07,33.0,3.0,3.0,7.0,56.55,39.92,20.0,0.103,2.0,2.42,56.17,28.87
C0690,risk_group,35.0,21479.9,849.36,360.09,439.0,0.548,1.0,24.54,37.0,23.0,4.0,4.77,41.67,67.53,5.0,0.17,3.0,2.87,51.93,32.4
C0273,standard,35.0,43680.49,2006.78,1701.0,759.0,0.243,14.0,53.91,83.0,31.0,0.0,7.79,69.41,0.02,36.0,0.322,2.0,1.34,59.92,73.29
C0256,standard,46.0,40646.08,1723.22,1381.91,679.0,0.325,16.0,53.59,55.0,63.0,4.0,7.87,61.91,20.63,33.0,0.255,5.0,2.21,56.83,80.67
C0523,premium,39.0,66984.02,2667.05,3338.27,744.0,0.11,17.0,64.95,78.0,65.0,1.0,,86.08,7.02,48.0,0.222,3.0,1.32,69.96,76.39
C0312,standard,30.0,29864.54,1087.81,1008.48,660.0,0.481,12.0,46.25,27.0,20.0,4.0,5.79,58.99,47.56,36.0,0.178,2.0,2.27,62.36,31.84
C0468,premium,46.0,68725.35,2576.45,3816.36,744.0,0.147,15.0,70.03,80.0,37.0,0.0,8.64,70.78,0,63.0,0.299,4.0,1.7,71.3,73.83
C0040,economy,34.0,9000,648.98,-661.47,472.0,0.648,0,10.94,0,1.0,4.0,6.24,27.84,59.2,7.0,0.211,3.0,3.92,47.44,20.71
C0421,premium,48.0,69508.08,2867.61,3532.19,771.0,0.12,21.0,47.55,103.0,71.0,0,10,92.28,0,53.0,0.405,2.0,1.76,75.68,100
C0325,standard,28.0,30784.01,1307.13,,674.0,0.228,13.0,30.94,50.0,22.0,1.0,9.03,58.47,0,15.0,0.132,3.0,1.32,45.51,47.74
C0399,premium,39.0,47840.89,2115.31,2312.95,616.0,0.32,12.0,53.86,63.0,38.0,2.0,6.66,70.65,30.41,40.0,0.244,2.0,1.33,70.17,60.71
C0360,premium,48.0,62006.9,2361.15,3315.72,733.0,0.059,18.0,61.8,81.0,68.0,0.0,8.99,72.3,2.91,57.0,0.261,2.0,1.04,82.19,82.51
C0641,risk_group,36.0,22432.72,1420.55,-15.23,456.0,0.693,8.0,45.08,49.0,32.0,5.0,4.03,46.93,83.45,10.0,0.342,3.0,4.33,88.61,59.6
C0101,economy,40.0,41626.93,1936.66,1780.27,647.0,0.379,9.0,44.95,36.0,32.0,1.0,8.28,66.48,10.47,27.0,0.064,2.0,2.57,53.09,48.98
C0178,standard,42.0,51354.92,2035.79,2388.77,755.0,0.261,13.0,44.74,62.0,44.0,1.0,9.58,87.61,2.31,43.0,0.17,2.0,2.18,65.03,73.08
C0660,risk_group,28.0,40380.28,1936.4,1097.01,576.0,0.518,7.0,39.26,47.0,25.0,2.0,6.47,60.28,42.58,24.0,0.263,3.0,2.54,66.95,56.51
C0560,risk_group,51.0,50112.63,2212.07,1752.35,634.0,0.432,8.0,60.63,35.0,20.0,3.0,4.94,54.8,49.33,26.0,0.281,3.0,2.53,71.46,52.95
C0376,premium,31.0,59513.76,2472.66,2433.59,687.0,0.437,3.0,56.95,33.0,29.0,3.0,7.44,62.45,17.64,30.0,0.244,2.0,1.47,72.24,47.33
C0584,risk_group,29.0,37888.95,1829.45,677.07,566.0,0.583,14.0,45.21,43.0,38.0,5.0,4.69,40.04,67.1,20.0,0.345,5.0,2.78,57.98,69.83
C0015,economy,42.0,32464.79,1034.75,,609.0,0.319,9.0,47.09,27.0,15.0,3.0,4.82,38.6,45.04,12.0,0.143,4.0,2.68,52.5,42.89
C0630,risk_group,38.0,47552.13,1859.05,1559.88,609.0,0.535,11.0,55.65,77.0,63.0,15.0,2.8007170992568504,72.57,80.73235313805534,34.0,0.316,5.0,2.72,67.09,80.15
C0266,standard,41.0,43330.53,1472.34,1807.7,625.0,0.281,17.0,50.43,99.0,64.0,3.0,8.79,88.53,13.39,27.0,0.377,4.0,2.06,90.71,100
C0539,risk_group,36.0,20025.0,500.65,399.17,471.0,0.61,4.0,28.68,19.0,1.0,5.0,3.25,27.29,78.16,8.0,0.197,4.0,3.8,43.17,27.5
C0106,economy,31.0,10514.61,483.62,-701.35,427.0,0.6,0,17.55,16.0,0,5.0,3.0,28.01,87.25,7.0,0.184,2.0,3.86,46.98,8.37
C0351,premium,39.0,67507.54,3067.45,3051.9,670.0,0.261,20.0,63.2,101.0,69.0,3.0,8.61,91.17,7.67,47.0,0.404,5.0,2.37,81.51,100
C0139,economy,43.0,22103.1,902.38,602.16,510.0,0.498,1.0,32.7,8.0,0,4.0,4.64,32.26,60.33,2.0,0.054,2.0,1.72,50.8,29.86
C0379,premium,40.0,59594.47,2388.7,2923.44,695.0,0.289,17.0,54.87,75.0,65.0,1.0,8.94,75.85,0,49.0,0.408,2.0,2.62,82.41,90.67
C0588,risk_group,46.0,60162.69,2433.19,2654.89,698.0,0.273,11.0,53.63,55.0,34.0,2.0,6.87,72.75,39.62,27.0,0.175,1.0,3.11,67.26,59.95
C0579,risk_group,38.0,35058.39,1465.03,562.86,488.0,0.678,7.0,41.37,62.0,23.0,4.0,4.37,56.9,81.65,27.0,0.323,3.0,4.63,63.24,63.68
C0417,premium,44.0,62029.84,2653.19,2824.91,686.0,0.237,21.0,55.71,107.0,64.0,0.0,9.83,94.56,0,52.0,0.376,2.0,1.3,94.34,97.77
C0418,premium,42.0,60996.19,2481.42,2737.61,730.0,0.262,17.0,52.22,73.0,60.0,2.0,7.48,79.88,24.94,36.0,0.295,3.0,3.49,82.62,99.09
C0478,premium,39.0,,2545.64,1449.43,697.0,0.301,21.0,54.97,87.0,68.0,3.0,8.23,81.92,18.35,32.0,0.294,5.0,2.47,79.06,88.29
C0396,premium,35.0,53137.63,1909.78,3011.35,772.0,0.083,20.0,49.94,71.0,64.0,1.0,9.98,76.57,0,49.0,0.287,2.0,1.42,71.45,98.99
C0175,economy,40.0,24535.53,757.51,944.61,575.0,0.446,8.0,33.63,7.0,0,4.0,6.02,51.43,31.85,1,0.068,3.0,1.45,19.87,22.19
C0527,risk_group,32.0,22571.96,1220.74,63.31,529.0,0.697,0.0,47.84,35.0,25.0,4.0,4.0,39.52,88.93,20.0,0.302,2.0,2.96,53.4,43.4
C0228,standard,27.0,36983.19,1547.21,1012.1,606.0,0.455,11.0,52.12,46.0,30.0,3.0,6.86,55.66,37.09,32.0,0.317,2.0,2.77,59.77,79.73
C0662,risk_group,38.0,49927.68,2318.91,1421.93,547.0,0.465,10.0,42.59,68.0,49.0,4.0,4.72,42.83,67.81,21.0,0.343,4.0,2.98,63.98,66.13
C0025,economy,35.0,25312.05,1160.73,189.09,510.0,0.558,2.0,33.43,28.0,0,4.0,4.4,30.65,63.41,2.0,0.176,1.0,3.15,49.14,40.38
C0313,standard,29.0,57171.83,2322.56,2590.44,710.0,0.262,11.0,70.7,61.0,40.0,3.0,7.6,73.37,21.49,47.0,0.271,4.0,0.55,77.64,67.8
C0102,economy,43.0,16576.7,462.2,909.53,604.0,0.462,10.0,44.78,30.0,15.0,4.0,7.26,55.68,31.11,28.0,0.16,2.0,2.79,64.67,49.71
C0014,economy,42.0,36966.41,1489.23,1478.07,579.0,0.539,4.0,53.8,31.0,8.0,4.0,5.23,48.43,49.71,14.0,0.083,1.0,1.06,46.74,46.4
C0454,premium,49.0,58937.34,2136.05,3581.88,780.0,0.244,15.0,66.95,85.0,64.0,2.0,8.81,76.11,2.34,51.0,0.368,3.0,2.28,79.19,94.16
C0329,standard,34.0,48776.99,1790.76,2454.41,627.0,0.304,13.0,45.0,43.0,33.0,4.0,7.75,60.21,18.88,30.0,0.224,2.0,2.52,58.88,41.03
C0570,risk_group,31.0,32566.61,1413.96,742.92,543.0,0.534,15.0,38.86,57.0,50.0,4.0,6.38,55.93,48.46,20.0,0.324,4.0,2.51,69.29,79.4
C0311,standard,36.0,35338.15,1534.83,1108.18,621.0,0.347,9.0,41.34,53.0,37.0,3.0,4.1,41.17,47.93,37.0,0.194,2.0,3.27,54.1,66.29
C0281,standard,38.0,30262.89,1412.03,948.61,630.0,0.423,19.0,56.25,89.0,69.0,2.0,7.25,72.45,30.54,31.0,0.349,4.0,1.7,84.85,89.0
C0595,risk_group,37.0,56919.96,2722.42,2134.81,605.0,0.474,13.0,50.59,85.0,55.0,4.0,6.68,59.23,45.03,39.0,0.239,4.0,2.13,90.26,75.58
C0009,economy,38.0,22903.87,1165.43,924.81,572.0,0.407,5.0,43.02,25.0,11.0,3.0,5.47,34.54,43.93,18.0,0.22,1.0,2.62,43.25,34.41
C0205,standard,48.0,108405.12,4073.02,,589.0,0.368,17.0,106.93,76.0,57.0,1.0,8.6,77.27,24.96,44.0,0.266,3.0,1.64,57.35,98.37
C0075,economy,35.0,15701.6,575.12,538.96,462.0,0.633,0,31.59,8.0,2.0,3.0,5.09,47.64,55.22,8.0,0.09,2.0,3.02,42.08,25.48
C0497,premium,34.0,61616.43,2825.33,2751.59,715.0,0.295,18.0,75.88,88.0,84.0,2.0,7.72,81.29,10.79,57.0,0.352,3.0,0.29,97.59,98.46
C0574,risk_group,36.0,32864.56,1527.66,744.39,522.0,0.646,3.0,48.02,21.0,0,5.0,4.6,28.17,66.24,21.0,0.214,3.0,2.94,58.38,28.99
C0505,premium,45.0,79640.8,3082.93,4039.77,842.0,0.116,22.0,65.41,85.0,70.0,0.0,10,99.33,0,63.0,0.369,2.0,0.8,83.85,100
C0159,economy,30.0,16712.78,656.09,404.41,549.0,0.398,8.0,47.87,32.0,13.0,1.0,6.38,41.45,30.55,14.0,0.219,3.0,2.62,30.42,33.92
C0011,economy,35.0,13116.63,517.81,379.93,527.0,0.532,0.0,37.88,23.0,15.0,3.0,5.3,38.45,67.35,8.0,0.15,2.0,3.01,40.33,29.13
C0070,economy,35.0,24881.63,686.13,596.62,551.0,0.382,3.0,35.52,15.0,10.0,3.0,6.04,47.65,39.35,20.0,0.121,2.0,,32.62,32.37
C0208,standard,45.0,42034.73,1962.3,1263.06,577.0,0.35,13.0,47.22,35.0,24.0,2.0,6.62,55.06,43.21,24.0,0.115,3.0,3.23,50.11,48.72
C0043,economy,33.0,29555.98,1416.2,744.03,562.0,0.428,4.0,38.78,34.0,14.0,2.0,6.25,40.73,33.6,15.0,0.158,2.0,1.78,56.95,32.13
C0387,premium,42.0,60421.17,2446.92,2642.4,681.0,0.206,14.0,53.47,96.0,71.0,1.0,7.45,72.53,16.13,57.0,0.435,4.0,2.69,81.05,93.72
C0087,economy,37.0,24258.09,929.49,767.68,508.0,0.476,10.0,35.42,49.0,14.0,3.0,5.53,45.95,43.75,20.0,0.165,2.0,3.04,43.39,33.16
C0587,risk_group,39.0,26510.72,1266.91,374.15,505.0,0.802,2.0,42.36,32.0,0,5.0,3.57,39.05,94.22,10.0,0.111,3.0,3.3,34.14,18.53
C0459,premium,39.0,67228.63,2888.77,2756.46,743.0,0.292,20.0,69.53,103.0,81.0,3.0,8.43,81.48,9.71,56.0,0.411,5.0,1.64,90.12,96.13
C0354,premium,39.0,68538.45,2919.55,3568.51,795.0,0.111,18.0,56.63,101.0,79.0,0,9.76,98.22,0,60.0,0.339,4.0,0.79,79.63,100
C0674,risk_group,45.0,41621.96,1668.04,1637.04,622.0,0.455,11.0,53.72,45.0,16.0,2.0,6.96,52.87,24.29,32.0,0.195,2.0,2.13,65.81,58.83
C0508,premium,36.0,63417.55,2644.57,3272.35,787.0,0.325,17.0,55.19,80.0,51.0,2.0,8.06,95.98,8.72,36.0,0.246,3.0,2.11,65.23,86.71
C0427,premium,37.0,50343.48,2161.58,2357.79,686.0,0.322,16.0,46.58,73.0,59.0,3.0,7.42,65.2,15.37,36.0,0.221,3.0,1.34,68.61,75.41
C0133,economy,40.0,25406.87,815.68,1280.42,543.0,0.549,4.0,50.21,25.0,0,3.0,5.6,47.28,49.99,13.0,0.113,2.0,1.22,44.17,16.65
C0491,premium,45.0,56233.84,1893.91,2906.29,716.0,0.353,18.0,46.57,71.0,54.0,1.0,7.65,76.08,6.26,39.0,0.314,4.0,2.12,80.87,78.75
C0367,premium,45.0,59444.78,2346.53,2953.19,746.0,0.216,11.0,52.2,45.0,61.0,2.0,7.58,67.99,10.71,47.0,0.182,2.0,1.52,84.21,72.49
C0267,standard,41.0,48478.82,2072.93,1354.77,615.0,0.439,9.0,47.47,39.0,36.0,4.0,6.36,61.41,30.38,35.0,0.247,3.0,2.48,79.13,45.23
C0119,economy,40.0,39386.09,1664.47,1233.21,548.0,0.492,13.0,47.29,50.0,36.0,2.0,7.27,62.28,49.11,22.0,0.351,4.0,3.1,65.97,56.08
C0034,economy,35.0,26225.5,998.06,807.19,623.0,0.382,7.0,31.01,34.0,19.0,2.0,7.68,43.56,19.44,25.0,0.178,1.0,2.94,56.27,61.49
C0317,standard,34.0,51828.84,2152.26,2320.45,712.0,0.184,14.0,39.5,81.0,56.0,3.0,8.51,74.08,6.51,40.0,0.207,5.0,2.06,71.84,87.83
C0582,risk_group,36.0,35344.35,1591.87,828.09,539.0,0.665,11.0,41.45,53.0,45.0,2.0,5.12,64.89,59.12,30.0,0.418,4.0,2.64,59.63,57.6
C0635,risk_group,36.0,20316.51,575.2,394.28,520.0,0.604,0,55.68,16.0,4.0,4.0,4.33,29.43,64.61,1,0.202,3.0,3.6,61.25,25.29
C0415,premium,53.0,67955.66,2809.11,3107.55,695.0,0.251,17.0,57.89,114.0,82.0,0,9.45,97.68,0,54.0,0.342,3.0,2.77,85.47,94.87
C0420,premium,46.0,63791.14,2556.36,3145.95,725.0,0.255,18.0,68.21,79.0,55.0,0.0,8.69,79.58,0.93,46.0,0.326,2.0,1.82,85.56,89.89
C0537,risk_group,34.0,30366.22,1675.25,56.53,478.0,0.722,5.0,48.2,67.0,39.0,6.0,5.02,60.49,79.39,24.0,0.356,2.0,4.2,56.0,60.15
C0476,premium,29.0,61267.81,2281.28,3236.02,713.0,0.113,17.0,59.72,76.0,61.0,1.0,10,92.98,0,45.0,0.33,2.0,1.95,82.52,99.41
C0065,economy,31.0,9000,250,275.12,563.0,0.533,1.0,35.12,0,0,5.0,5.51,40.56,61.81,6.0,0.135,1.0,2.21,40.58,7.19
C0093,economy,32.0,16689.42,571.97,530.91,648.0,0.443,0.0,32.43,26.0,15.0,1.0,4.52,47.37,57.01,7.0,0.144,0,2.41,50.49,34.59
C0079,economy,38.0,21871.98,1111.93,-95.93,532.0,0.656,0,37.38,12.0,1.0,5.0,4.17,26.91,72.74,2.0,0.093,2.0,2.46,53.21,28.46
C0269,standard,40.0,33148.86,1356.09,1739.72,563.0,0.361,16.0,45.88,64.0,23.0,2.0,7.28,45.28,17.36,21.0,0.255,4.0,,63.32,54.36
C0097,economy,42.0,31676.59,1185.17,1599.91,610.0,0.357,8.0,44.32,24.0,14.0,3.0,6.41,46.93,43.26,25.0,0.224,2.0,2.97,52.43,42.96
C0041,economy,41.0,32959.95,1235.33,1216.38,574.0,0.451,10.0,50.92,42.0,31.0,2.0,5.8,46.42,37.62,23.0,0.211,4.0,3.13,48.4,62.03
C0191,standard,36.0,37586.01,1559.51,1632.95,684.0,0.437,12.0,43.23,36.0,24.0,3.0,5.92,53.66,42.3,30.0,0.242,3.0,2.01,53.82,41.95
C0366,premium,49.0,76522.59,2680.05,4429.05,843.0,0.119,16.0,65.24,77.0,62.0,0,9.68,98.76,0,50.0,0.223,3.0,0.98,76.51,81.65
C0521,premium,42.0,55792.82,2279.81,2355.88,691.0,0.332,19.0,55.8,81.0,79.0,1.0,8.48,80.93,13.2,46.0,0.375,4.0,3.19,93.33,100
C0151,economy,44.0,27292.99,808.04,996.87,566.0,0.472,0,44.32,7.0,0,2.0,,30.2,49.26,12.0,0.071,4.0,4.08,45.36,14.96
C0194,standard,43.0,43161.08,1686.96,2398.59,747.0,0.097,20.0,47.63,63.0,56.0,1.0,10,75.89,0,39.0,0.304,1.0,0.34,61.88,79.44
C0342,standard,31.0,53073.73,2105.77,2681.65,724.0,0.195,11.0,66.88,48.0,32.0,1.0,6.8,48.95,15.38,41.0,0.24,2.0,0.93,73.77,48.6
C0199,standard,41.0,64890.87,2816.12,2641.02,705.0,0.168,20.0,58.84,75.0,62.0,0.0,7.67,72.94,12.29,51.0,0.349,6.0,0.3,75.69,77.97
C0059,economy,40.0,37336.97,1559.18,940.24,633.0,0.359,4.0,49.91,3.0,0,3.0,5.37,38.13,59.39,22.0,0.196,1.0,2.48,37.97,15.88
C0016,economy,40.0,25730.71,1019.66,731.0,587.0,0.445,10.0,41.47,45.0,9.0,4.0,6.55,65.16,32.86,29.0,0.18,2.0,2.08,44.2,43.35
C0473,premium,38.0,67920.8,2736.4,3580.35,753.0,0.221,18.0,49.44,94.0,55.0,2.0,9.08,92.64,2.35,49.0,0.334,3.0,0,81.94,81.84
C0572,risk_group,39.0,41771.45,2166.61,877.62,495.0,0.697,16.0,44.73,59.0,,5.0,,47.24,62.1,32.0,0.357,5.0,3.14,68.37,67.48
C0193,standard,36.0,47049.87,2165.95,1969.03,686.0,0.313,16.0,42.89,89.0,61.0,1.0,7.57,71.76,8.78,37.0,0.268,3.0,1.51,60.35,100
C0543,risk_group,36.0,30179.35,941.55,995.53,613.0,0.445,6.0,27.61,18.0,16.0,4.0,7.06,62.43,40.4,21.0,0.159,4.0,3.44,54.94,38.14
C0144,economy,36.0,22593.78,540.94,1192.87,572.0,0.519,6.0,46.58,26.0,5.0,3.0,6.5,52.34,48.81,10.0,0.165,1.0,2.45,34.09,19.82
C0327,standard,46.0,49818.65,1598.36,3142.51,691.0,0.225,10.0,50.38,56.0,22.0,2.0,9.43,73.25,6.4,32.0,0.247,0,2.98,75.31,56.55
C0640,risk_group,38.0,39058.89,1621.18,1097.59,560.0,0.5,8.0,49.45,33.0,15.0,2.0,6.0,47.72,52.88,25.0,0.324,3.0,1.0,70.06,38.89
C0397,premium,52.0,79570.34,3878.74,3063.52,754.0,0.334,20.0,66.13,203.0,147.0,2.0,9.4,99.47,0,44.0,0.337,4.0,1.62,83.92,100
C0365,premium,40.0,44385.38,1469.25,2278.78,678.0,0.239,13.0,64.21,77.0,59.0,1.0,9.42,75.56,0.45,37.0,0.312,3.0,1.24,73.27,85.2
C0210,standard,44.0,50483.14,2370.89,2148.09,711.0,0.182,18.0,32.37,100.0,76.0,0.0,8.69,75.71,1.91,50.0,0.235,3.0,1.34,74.87,100
C0309,standard,31.0,46974.13,2089.08,2178.84,691.0,0.182,14.0,45.21,83.0,50.0,1.0,7.98,68.64,23.46,34.0,0.222,1.0,1.82,72.1,72.04
C0057,economy,33.0,25280.17,1022.65,517.24,545.0,0.541,6.0,48.69,39.0,20.0,4.0,5.84,55.24,52.34,16.0,0.234,1.0,2.93,51.92,44.92
C0558,risk_group,36.0,18352.81,250,687.86,502.0,0.556,17.0,42.42,75.0,39.0,3.0,5.79,60.39,63.13,15.0,0.276,3.0,3.48,74.32,64.14
C0695,risk_group,37.0,31457.38,1154.41,813.15,,0.431,8.0,46.42,54.0,36.0,3.0,6.1,53.68,45.17,25.0,0.313,3.0,2.77,70.22,66.21
C0308,standard,36.0,23399.19,1073.1,934.58,601.0,0.446,9.0,31.37,51.0,35.0,3.0,7.94,48.38,20.15,26.0,0.219,3.0,2.38,46.55,51.07
C0322,standard,38.0,28961.7,1092.77,976.12,573.0,0.577,5.0,36.88,27.0,0,3.0,6.02,50.84,49.6,17.0,0.114,3.0,2.8,43.25,27.6
C0213,standard,39.0,39275.99,1006.26,2827.57,704.0,0.105,15.0,59.77,86.0,56.0,0.0,8.82,75.27,5.71,33.0,0.221,3.0,1.38,78.39,75.62
C0242,standard,48.0,54846.89,2107.77,3165.62,725.0,0.205,9.0,57.68,64.0,31.0,2.0,7.93,69.98,0,36.0,0.282,1.0,1.64,61.76,65.87
C0381,premium,38.0,65755.07,2882.35,2974.52,745.0,0.141,23.0,67.89,80.0,58.0,0,9.69,83.12,0,54.0,0.338,4.0,0.75,83.2,89.27
C0673,risk_group,44.0,21917.93,933.11,-263.57,493.0,0.643,11.0,31.63,44.0,28.0,4.0,3.29,37.01,79.06,11.0,0.217,2.0,1.55,60.6,48.23
C0316,standard,45.0,51091.53,2031.7,2599.55,662.0,0.27,19.0,55.83,71.0,51.0,2.0,7.0,69.79,23.31,49.0,0.355,3.0,2.67,74.89,74.98
C0107,economy,29.0,11531.3,447.06,-389.31,488.0,0.666,7.0,28.53,34.0,10.0,2.0,4.13,39.98,66.68,5.0,0.157,4.0,4.11,67.82,35.98
C0257,standard,30.0,22576.56,853.24,905.7,590.0,0.464,10.0,37.74,54.0,32.0,3.0,6.69,64.56,44.69,17.0,0.298,2.0,2.97,57.59,55.78
C0294,standard,50.0,46919.11,1963.59,2306.43,653.0,0.283,13.0,51.25,50.0,18.0,0.0,7.62,73.59,20.35,42.0,0.17,2.0,1.98,56.35,56.84
C0163,economy,41.0,36713.32,1347.63,835.98,557.0,0.554,5.0,43.95,21.0,3.0,4.0,4.59,52.59,66.82,11.0,0.14,2.0,2.7,67.29,35.72
C0063,economy,32.0,9000,382.36,-348.95,490.0,0.561,1.0,23.22,16.0,0,2.0,5.37,21.1,58.74,1,0.175,0,5.1,48.86,20.11
C0214,standard,41.0,46466.18,1724.46,2136.36,697.0,0.124,13.0,57.38,34.0,39.0,4.0,8.27,65.17,25.54,26.0,0.197,2.0,2.37,67.44,52.34
C0255,standard,41.0,39853.73,1542.69,1727.27,669.0,0.474,14.0,42.63,73.0,54.0,2.0,6.94,75.83,29.18,32.0,0.31,4.0,2.87,66.0,72.81
C0350,standard,44.0,64616.21,2515.74,3615.24,757.0,0.065,19.0,62.26,65.0,40.0,1.0,8.94,92.77,0,40.0,0.314,4.0,1.38,80.8,75.05
C0685,risk_group,32.0,54954.5,2537.31,1921.03,596.0,0.395,13.0,53.95,87.0,72.0,5.0,7.18,63.16,33.98,38.0,0.321,4.0,3.17,83.8,95.54
C0298,standard,37.0,57982.14,2459.18,2509.4,704.0,0.139,14.0,47.17,66.0,62.0,0.0,8.84,76.87,7.85,51.0,0.33,3.0,1.32,64.17,94.42
C0555,risk_group,36.0,44789.44,2073.07,1846.47,645.0,0.409,9.0,46.41,31.0,12.0,5.0,6.53,57.8,46.57,30.0,0.243,4.0,1.99,57.29,33.68
C0561,risk_group,38.0,49236.99,2744.41,1146.43,645.0,0.521,13.0,43.51,66.0,68.0,4.0,7.22,60.29,37.98,32.0,0.358,5.0,3.42,72.86,81.84
C0024,economy,20.0,38122.61,1265.51,1345.43,613.0,0.547,11.0,44.29,41.0,18.0,3.0,6.72,54.65,35.13,17.0,0.158,1.0,2.32,39.87,33.61
C0437,premium,34.0,47297.9,1582.93,2581.35,642.0,0.265,11.0,53.04,50.0,29.0,3.0,7.97,65.2,14.5,44.0,0.215,2.0,1.4,59.49,55.57
C0535,risk_group,46.0,23347.03,1323.14,-30.02,468.0,0.719,7.0,39.43,41.0,18.0,4.0,4.82,40.72,72.83,17.0,0.268,2.0,4.46,57.66,46.17
C0514,premium,46.0,60905.44,2534.9,2865.25,752.0,0.049,19.0,61.16,95.0,67.0,0.0,9.35,91.11,0,43.0,0.317,3.0,0.01,79.0,99.04
C0398,premium,45.0,78549.7,3371.09,3689.86,749.0,0.17,21.0,70.72,96.0,67.0,0,9.85,93.86,0,51.0,0.37,3.0,0.32,84.41,84.99
C0044,economy,36.0,19166.08,299.56,1158.79,579.0,0.46,5.0,40.22,10.0,7.0,4.0,4.6,37.69,50.55,15.0,0.156,0.0,3.43,47.69,27.38
C0495,premium,35.0,63623.84,2176.37,3401.32,747.0,0.251,17.0,67.09,101.0,68.0,1.0,7.56,74.96,5.78,49.0,0.243,3.0,2.13,77.16,81.67
C0220,standard,31.0,58572.52,2776.2,2684.16,,0.339,21.0,73.8,88.0,80.0,0.0,6.5,80.54,23.13,50.0,0.408,7.0,1.83,88.47,100
C0326,standard,25.0,27435.36,1181.77,778.28,643.0,0.344,13.0,41.63,66.0,41.0,2.0,7.83,64.49,22.66,28.0,0.243,2.0,1.78,52.46,68.26
C0265,standard,36.0,49023.53,2110.03,2126.72,674.0,0.273,15.0,45.26,58.0,50.0,2.0,7.61,69.39,17.41,41.0,0.237,3.0,2.49,65.07,74.2
C0262,standard,23.0,39466.67,1710.48,1453.93,594.0,0.275,13.0,56.75,55.0,42.0,1.0,7.33,61.47,23.52,26.0,0.243,3.0,1.45,61.07,66.32
C0120,economy,48.0,32288.67,921.75,1090.06,552.0,0.569,0.0,49.17,0,0,3.0,5.12,35.62,69.36,4.0,0.203,3.0,3.48,52.41,24.15
C0304,standard,33.0,39548.4,1422.36,1528.73,678.0,0.331,11.0,44.47,54.0,41.0,3.0,6.78,52.75,39.03,30.0,0.35,1.0,2.39,78.95,61.92
C0545,risk_group,28.0,33986.81,1390.53,1030.37,539.0,0.707,8.0,49.89,32.0,29.0,7.0,4.05,52.28,72.04,12.0,0.265,4.0,4.02,52.73,51.62
C0232,standard,41.0,57972.03,2772.56,2301.52,702.0,0.219,17.0,45.61,48.0,35.0,0,8.26,80.81,1.06,34.0,0.254,4.0,0.45,72.03,72.3
C0425,premium,33.0,59985.82,2266.33,2406.79,653.0,0.199,13.0,53.26,53.0,21.0,1.0,7.59,66.95,22.25,36.0,0.227,3.0,2.36,59.42,55.11
C0330,standard,33.0,35390.41,1386.84,1895.73,628.0,0.329,9.0,42.91,41.0,20.0,4.0,6.73,68.01,39.17,21.0,0.304,2.0,1.71,67.24,58.71
C0626,risk_group,18,29513.5,1410.39,458.45,533.0,0.51,11.0,44.78,28.0,32.0,4.0,5.41,60.31,48.54,19.0,0.175,4.0,2.91,54.56,59.13
C0363,premium,33.0,60476.16,2671.13,2959.9,748.0,0.11,22.0,64.24,103.0,74.0,0.0,,84.98,0,37.0,0.379,4.0,1.59,82.27,100
C0562,risk_group,38.0,38080.25,1574.56,1318.47,498.0,0.687,6.0,42.25,47.0,31.0,6.0,5.28,58.13,54.58,20.0,0.199,4.0,3.09,65.9,52.99
C0141,economy,40.0,17138.47,748.89,27.5,478.0,0.555,6.0,35.3,38.0,13.0,6.0,3.86,46.19,65.09,15.0,0.245,2.0,3.66,63.69,26.9
C0192,standard,45.0,46378.55,2010.74,1561.15,706.0,0.325,14.0,54.24,75.0,48.0,4.0,7.74,66.25,21.35,40.0,0.406,2.0,3.09,62.67,78.55
C0078,economy,36.0,18107.43,1019.57,-208.83,593.0,0.479,0.0,23.23,12.0,7.0,,6.51,29.77,46.57,1,0.136,2.0,2.36,27.39,26.47
C0340,standard,18,36208.74,1537.34,1260.16,584.0,0.375,12.0,48.89,62.0,42.0,3.0,6.12,55.73,42.33,28.0,0.318,4.0,3.92,79.76,64.97
C0287,standard,29.0,23463.75,915.39,732.83,599.0,0.345,13.0,45.24,68.0,56.0,2.0,6.46,62.01,37.68,24.0,0.322,2.0,2.14,59.9,84.65
C0700,risk_group,36.0,22752.76,1309.8,11.01,462.0,0.622,8.0,46.4,50.0,26.0,5.0,4.78,48.23,78.39,26.0,0.288,2.0,3.14,60.6,49.88
C0263,standard,35.0,55183.31,2052.46,2410.32,624.0,0.447,11.0,43.79,58.0,32.0,3.0,6.71,54.59,34.58,26.0,0.326,1.0,3.17,65.2,59.93
C0466,premium,38.0,57105.84,2330.89,2469.29,718.0,0.258,17.0,69.76,84.0,69.0,0.0,7.32,82.15,12.55,49.0,0.292,3.0,1.29,70.53,95.95
C0188,standard,36.0,47330.23,2120.04,1691.3,662.0,0.376,10.0,47.97,57.0,33.0,5.0,6.29,62.28,32.7,25.0,0.235,3.0,4.15,62.29,50.99
C0382,premium,43.0,80128.93,3132.6,4380.78,814.0,0.02,22.0,59.3,94.0,77.0,0,10,100,0,68.0,0.327,3.0,0.27,95.81,100
C0597,risk_group,42.0,39278.31,1779.21,673.42,545.0,0.667,8.0,46.37,45.0,28.0,2.0,5.19,47.24,66.97,22.0,0.15,3.0,2.51,50.51,45.78
C0612,risk_group,42.0,47768.72,2477.18,874.11,588.0,0.467,13.0,56.43,65.0,50.0,3.0,4.63,59.48,70.24,27.0,0.398,4.0,2.18,60.27,74.23
C0321,standard,27.0,29323.13,1069.47,1331.35,602.0,0.323,15.0,55.86,80.0,27.0,2.0,7.36,66.67,19.34,33.0,0.273,2.0,1.52,55.69,71.16
C0291,standard,35.0,29156.54,1316.02,735.27,538.0,0.417,10.0,51.47,32.0,29.0,5.0,6.33,44.36,34.68,23.0,0.231,2.0,3.37,43.82,36.11
C0361,premium,41.0,71463.05,3313.38,2550.12,746.0,0.28,24.0,66.11,108.0,87.0,3.0,8.37,97.99,2.4,55.0,0.322,4.0,1.01,81.25,100
C0636,risk_group,41.0,57267.27,2878.07,1931.64,578.0,0.483,11.0,51.66,56.0,37.0,5.0,7.3,64.64,32.28,35.0,0.376,3.0,3.3,70.22,61.21
C0569,risk_group,40.0,23534.84,1058.85,625.63,473.0,0.637,8.0,42.17,38.0,42.0,3.0,5.74,54.74,73.97,6.0,0.207,4.0,2.17,46.87,50.0
C0405,premium,38.0,78347.14,3339.2,3911.7,772.0,0.274,18.0,60.09,102.0,98.0,0,9.37,100,0,53.0,0.411,3.0,1.85,100,100
C0432,premium,49.0,72915.58,2991.42,3588.64,801.0,0.142,14.0,58.79,52.0,47.0,0.0,8.86,82.26,1.69,44.0,0.123,4.0,0.89,83.0,68.24
C0404,premium,32.0,62443.43,2655.48,2877.25,657.0,0.227,21.0,61.14,73.0,53.0,3.0,9.59,93.74,0,45.0,0.302,3.0,1.87,87.2,93.01
C0130,economy,32.0,19648.61,317.79,1260.71,528.0,0.514,1.0,33.12,4.0,0,4.0,3.82,36.96,63.35,2.0,0.032,2.0,1.84,36.31,26.91
C0493,premium,45.0,56298.94,2470.77,2467.25,734.0,0.287,18.0,44.12,75.0,60.0,3.0,6.04,62.13,9.65,34.0,0.316,4.0,2.14,78.44,100
C0676,risk_group,32.0,26469.7,1044.31,437.58,484.0,0.626,8.0,28.68,79.0,30.0,5.0,3.5,24.98,76.42,20.0,0.37,3.0,3.31,56.54,76.7
C0403,premium,44.0,87295.94,3293.89,4727.99,850,0.02,21.0,70.68,93.0,83.0,0,10,98.78,0,64.0,0.425,2.0,0.02,99.18,100
C0507,premium,44.0,57927.19,2516.44,2731.23,700.0,0.281,15.0,56.95,94.0,63.0,1.0,9.08,76.77,0,43.0,0.303,4.0,1.04,92.62,92.26
C0223,standard,40.0,37592.27,1272.59,1338.02,651.0,0.339,18.0,41.61,50.0,37.0,3.0,6.64,64.92,26.81,22.0,0.166,2.0,1.91,66.7,61.95
C0678,risk_group,36.0,40786.64,1804.37,1180.66,493.0,0.681,8.0,46.29,50.0,39.0,2.0,3.6,43.92,65.76,18.0,0.291,3.0,3.04,67.44,68.03
C0238,standard,30.0,33830.81,1472.12,1227.58,592.0,0.439,14.0,41.89,53.0,47.0,4.0,5.96,52.81,35.81,34.0,0.323,3.0,1.98,65.14,61.1
C0477,premium,42.0,80390.17,3338.48,3668.7,833.0,0.036,18.0,62.04,109.0,71.0,2.0,9.28,100,0,61.0,0.326,3.0,1.1,74.97,96.52
C0248,standard,31.0,38429.61,1585.31,1433.21,608.0,0.409,10.0,55.55,41.0,23.0,5.0,6.02,47.96,43.22,17.0,0.221,4.0,1.38,41.2,43.67
C0111,economy,30.0,9000,250,191.21,485.0,0.505,4.0,21.33,20.0,15.0,2.0,6.09,34.99,48.82,13.0,0.239,1.0,2.96,44.74,41.99
C0456,premium,44.0,53272.91,2232.45,2309.32,719.0,0.3,19.0,54.48,93.0,78.0,3.0,8.05,85.88,17.64,49.0,0.421,5.0,1.9,85.0,93.98
C0445,premium,30.0,72055.32,3088.85,3321.94,751.0,0.258,23.0,63.05,98.0,77.0,1.0,9.13,85.77,0.92,43.0,0.386,4.0,2.54,92.76,99.04
C0172,economy,31.0,29237.34,1356.02,897.72,591.0,0.369,7.0,54.04,39.0,38.0,3.0,6.39,60.76,46.93,22.0,0.198,2.0,2.69,64.84,53.72
C0189,standard,41.0,34946.05,1295.26,1789.22,698.0,0.317,9.0,47.84,40.0,21.0,2.0,6.72,,18.27,33.0,0.299,1.0,0.55,63.11,53.71
C0494,premium,42.0,72046.76,3025.49,3054.7,,0.245,21.0,76.18,104.0,57.0,2.0,7.71,79.72,5.7,51.0,0.32,4.0,0.83,89.18,100
C0185,standard,34.0,40387.1,1659.96,1302.16,635.0,0.552,8.0,49.89,38.0,12.0,1.0,5.77,42.03,55.69,24.0,0.177,3.0,1.77,50.28,43.9
C0658,risk_group,35.0,46483.15,1975.14,1937.83,598.0,0.47,14.0,50.98,56.0,65.0,4.0,6.01,50.96,55.22,31.0,0.356,3.0,3.36,83.63,73.18
C0637,risk_group,39.0,43570.45,1623.45,1355.37,560.0,0.614,12.0,47.6,60.0,58.0,5.0,6.38,66.32,42.58,29.0,0.457,5.0,2.15,76.68,81.53
C0384,premium,35.0,59093.24,2583.78,2556.68,695.0,0.291,18.0,60.09,87.0,52.0,0,7.99,67.95,16.82,41.0,0.434,4.0,2.15,91.39,92.79
C0369,premium,46.0,73636.44,2995.8,3762.59,795.0,0.046,23.0,52.95,82.0,62.0,1.0,10,82.37,0,42.0,0.324,4.0,2.2,82.28,99.22
C0682,risk_group,30.0,24266.02,969.21,145.54,406.0,0.897,8.0,27.07,48.0,32.0,6.0,4.43,39.62,90.4,7.0,0.366,5.0,3.42,59.13,70.7
C0606,risk_group,31.0,43178.94,1953.03,1218.95,524.0,0.578,16.0,54.69,83.0,38.0,3.0,4.91,81.1,51.88,42.0,0.259,5.0,4.12,60.76,67.26
C0295,standard,33.0,45738.91,2308.73,1261.73,628.0,0.392,13.0,54.13,64.0,38.0,0.0,5.86,51.4,38.99,29.0,0.248,3.0,1.92,60.05,73.09
C0573,risk_group,36.0,39785.52,1418.17,1503.37,594.0,0.536,13.0,45.08,62.0,53.0,6.0,5.71,45.4,59.01,36.0,0.289,4.0,3.74,84.48,73.85
C0352,premium,34.0,63430.38,2637.37,3090.2,774.0,0.182,14.0,57.17,57.0,30.0,3.0,10,89.12,0,36.0,0.172,2.0,2.15,56.66,59.85
C0485,premium,40.0,67494.99,2745.03,3029.5,682.0,0.274,21.0,72.4,123.0,93.0,0,9.83,100,0,63.0,0.403,2.0,1.34,100,100
C0148,economy,32.0,16609.54,445.4,573.34,525.0,0.416,3.0,35.28,17.0,0,4.0,5.87,42.15,45.54,10.0,0.115,1.0,1.3,41.25,33.78
C0462,premium,43.0,62905.09,2483.65,3537.03,752.0,0.21,17.0,62.76,66.0,49.0,1.0,9.25,86.69,2.16,36.0,0.222,3.0,0.84,100,82.47
C0519,premium,39.0,93687.48,3872.01,4395.15,789.0,0.157,20.0,74.05,117.0,93.0,3.0,8.31,92.03,5.17,59.0,0.487,3.0,1.23,100,100
C0489,premium,46.0,65995.8,2659.58,3852.77,789.0,0.02,19.0,48.39,92.0,73.0,2.0,9.73,93.88,0,50.0,0.236,2.0,0.72,89.77,93.46
C0156,economy,33.0,29193.69,922.21,1324.76,574.0,0.478,5.0,30.02,34.0,22.0,3.0,6.02,40.69,49.75,10.0,0.083,2.0,2.54,58.82,33.57
C0303,standard,45.0,44196.23,1754.42,1993.5,557.0,0.456,12.0,39.03,59.0,28.0,2.0,7.22,50.65,34.83,18.0,0.16,2.0,2.7,55.13,47.53
C0525,premium,47.0,76506.48,3011.13,4472.98,801.0,0.032,24.0,70.35,78.0,70.0,0,10,92.16,0,67.0,0.275,3.0,1.26,89.4,98.03
C0202,standard,41.0,48604.63,1955.51,2555.32,737.0,0.158,17.0,54.57,58.0,,0,8.71,77.51,0,45.0,0.2,2.0,1.88,73.15,69.05
C0286,standard,35.0,33212.42,1310.4,1306.1,633.0,0.347,5.0,42.27,26.0,35.0,1.0,6.92,65.12,25.83,30.0,0.198,3.0,1.96,57.64,60.72
C0089,economy,34.0,19070.83,837.93,7.5,547.0,0.577,2.0,33.47,22.0,0,5.0,6.97,40.19,38.08,12.0,0.164,1.0,3.83,29.4,27.69
C0408,premium,48.0,50107.09,1870.76,2791.17,764.0,0.141,14.0,59.09,82.0,52.0,0.0,9.76,88.21,0,43.0,0.2,3.0,1.15,67.96,80.7
C0153,economy,33.0,39756.2,1733.47,1381.52,563.0,0.438,6.0,46.8,67.0,27.0,2.0,6.55,66.36,37.61,22.0,0.155,2.0,3.92,67.83,63.06
C0475,premium,38.0,54596.34,2099.53,2835.96,718.0,0.273,16.0,47.71,76.0,54.0,2.0,7.73,90.3,17.0,41.0,0.355,1.0,3.18,73.5,85.81
C0010,economy,48.0,14603.73,408.73,,617.0,0.441,5.0,31.08,17.0,1.0,3.0,6.97,51.79,37.35,20.0,0.106,1.0,2.09,50.81,14.34
C0620,risk_group,35.0,24065.14,955.82,405.14,544.0,0.527,8.0,47.47,33.0,10.0,3.0,3.64,39.08,74.85,19.0,0.163,3.0,2.97,64.27,45.44
C0149,economy,34.0,19804.39,866.77,388.78,568.0,0.471,5.0,41.13,18.0,4.0,5.0,5.72,33.8,61.95,12.0,0.155,2.0,2.88,56.28,26.8
C0046,economy,32.0,18405.96,541.16,522.35,540.0,0.383,3.0,42.37,15.0,0,3.0,4.6,36.88,54.12,6.0,0.27,1.0,1.94,39.49,29.72
C0557,risk_group,41.0,31663.05,1452.35,865.87,559.0,0.631,3.0,26.73,55.0,26.0,5.0,3.05,30.69,82.12,19.0,0.248,2.0,3.08,69.48,55.28
C0483,premium,42.0,69531.68,2821.17,3494.78,795.0,0.148,22.0,42.91,99.0,63.0,1.0,10,88.59,0,50.0,0.422,3.0,2.26,90.3,100
C0393,premium,39.0,67614.17,2847.07,3756.26,760.0,0.02,10.0,53.36,65.0,55.0,1.0,9.61,77.04,0,45.0,0.275,1.0,0.32,77.76,77.28
C0440,premium,39.0,63743.51,2448.86,3393.24,782.0,0.209,16.0,55.98,98.0,75.0,1.0,9.46,86.88,0,46.0,0.348,1.0,0.85,83.38,95.93
C0551,risk_group,34.0,21589.83,1406.28,-200.78,552.0,0.553,9.0,35.21,71.0,43.0,5.0,5.63,54.47,52.29,22.0,0.227,3.0,2.54,63.96,66.86
C0138,economy,36.0,17832.48,697.74,830.89,581.0,0.395,3.0,29.95,13.0,0,3.0,4.74,34.62,52.66,1,0.23,2.0,2.33,44.81,15.27
C0216,standard,39.0,41987.3,1598.73,1888.29,656.0,0.17,12.0,50.24,40.0,43.0,2.0,6.7,64.15,28.76,31.0,0.182,3.0,1.68,69.25,43.41
C0467,premium,40.0,62179.22,2710.21,2514.1,646.0,0.287,11.0,54.3,87.0,68.0,2.0,8.34,67.24,12.24,36.0,0.29,2.0,2.84,81.44,93.81
C0252,standard,33.0,44223.45,2069.63,1662.33,634.0,0.37,11.0,61.93,75.0,40.0,2.0,5.38,47.6,30.0,35.0,0.256,1.0,1.95,73.35,74.88
C0131,economy,37.0,26689.74,1075.92,818.73,638.0,0.429,11.0,44.43,64.0,32.0,1.0,7.16,71.29,23.25,21.0,0.243,2.0,1.56,71.48,75.33
C0165,economy,43.0,30381.18,1748.44,209.69,566.0,0.356,6.0,33.24,41.0,1.0,2.0,5.33,26.9,57.08,2.0,0.151,0.0,2.44,61.97,35.43
C0691,risk_group,38.0,25674.6,1002.67,573.36,,0.547,4.0,43.47,37.0,12.0,6.0,4.81,39.45,64.9,27.0,0.137,3.0,4.49,58.29,37.75
C0412,premium,40.0,57072.68,2253.67,3057.57,770.0,0.02,18.0,58.9,78.0,56.0,0,9.58,97.56,0,46.0,0.236,1.0,1.82,65.17,70.9
C0198,standard,29.0,34356.56,1146.87,1274.34,559.0,0.571,9.0,27.49,28.0,25.0,4.0,6.32,55.67,51.21,20.0,0.281,1.0,2.13,42.1,48.53
C0018,economy,47.0,18604.74,858.4,431.82,570.0,0.484,3.0,24.0,23.0,8.0,3.0,5.87,40.56,50.66,5.0,0.065,1.0,3.25,54.49,21.87
C0222,standard,36.0,48375.03,1804.4,2631.35,650.0,0.179,16.0,52.03,73.0,53.0,1.0,8.19,68.45,14.46,42.0,0.249,1.0,,52.88,70.34
C0458,premium,40.0,65749.24,2502.33,3486.72,782.0,0.139,17.0,57.91,83.0,45.0,2.0,9.1,77.44,0,44.0,0.295,0.0,1.24,67.09,69.24
C0428,premium,42.0,50787.62,2197.52,2254.28,680.0,0.241,18.0,56.8,59.0,28.0,1.0,8.48,72.8,0,34.0,0.323,4.0,1.04,72.25,57.25
C0392,premium,42.0,90986.89,3462.63,5142.24,843.0,0.02,21.0,73.13,114.0,90.0,0,9.81,100,0,65.0,0.398,3.0,1.41,88.18,100
C0484,premium,45.0,72832.78,2564.59,4044.38,767.0,0.172,16.0,55.71,75.0,45.0,0,9.78,93.2,0,56.0,0.245,1.0,1.19,74.81,74.27
C0169,economy,36.0,20069.5,594.52,911.89,,0.377,8.0,37.47,21.0,18.0,3.0,5.88,34.52,39.87,14.0,0.16,1.0,1.03,43.17,35.03
C0671,risk_group,45.0,34216.77,1259.58,1882.33,574.0,0.45,10.0,38.95,51.0,12.0,5.0,5.91,58.01,60.86,13.0,0.273,2.0,2.06,50.16,48.75
C0546,risk_group,32.0,27551.88,1100.73,451.67,538.0,0.676,5.0,46.36,34.0,26.0,4.0,4.19,50.73,67.2,21.0,0.134,4.0,3.9,54.67,38.49
C0117,economy,44.0,23790.34,822.36,1160.27,526.0,0.422,4.0,41.39,16.0,6.0,1.0,5.25,42.29,46.58,14.0,0.164,1.0,2.65,44.62,28.66
C0554,risk_group,43.0,40485.14,1669.68,1201.82,551.0,0.67,11.0,45.47,59.0,41.0,3.0,5.29,59.85,60.0,23.0,0.275,2.0,3.25,67.53,59.96
C0180,standard,28.0,36040.03,1560.12,1143.62,593.0,0.541,8.0,43.31,41.0,29.0,1.0,6.83,56.85,41.11,21.0,0.189,3.0,4.6,53.15,37.52
C0517,premium,35.0,48537.19,1666.15,2954.07,716.0,0.137,15.0,56.35,73.0,54.0,2.0,10,73.94,0,38.0,0.271,2.0,1.21,78.61,87.68
C0103,economy,37.0,26671.5,1110.41,789.06,467.0,0.515,6.0,30.15,31.0,6.0,5.0,6.52,45.7,48.3,16.0,0.149,2.0,2.44,38.26,38.37
C0114,economy,29.0,24385.16,889.99,659.1,609.0,0.42,10.0,36.06,27.0,24.0,1.0,6.32,42.68,51.6,27.0,0.213,3.0,1.93,58.3,49.46
C0241,standard,33.0,27915.3,1608.26,739.77,525.0,0.604,8.0,43.83,52.0,34.0,,5.73,47.16,44.75,17.0,0.184,3.0,2.13,65.44,72.54
C0623,risk_group,38.0,40244.95,1916.78,1140.13,565.0,0.481,12.0,35.67,56.0,33.0,4.0,5.92,59.0,53.53,23.0,0.276,4.0,3.72,54.34,53.15
C0196,standard,39.0,32690.22,1364.53,1393.13,613.0,0.438,4.0,36.64,13.0,0,3.0,7.21,45.98,35.55,14.0,0.109,0.0,2.13,50.11,30.56
C0510,premium,53.0,62759.53,2863.3,2739.29,698.0,0.311,19.0,51.21,87.0,65.0,1.0,7.27,86.13,27.92,54.0,0.436,3.0,1.48,78.45,100
C0638,risk_group,35.0,24527.44,1021.32,529.14,554.0,0.473,6.0,43.32,30.0,25.0,2.0,5.76,27.29,51.36,24.0,0.168,3.0,3.56,39.03,48.91
C0137,economy,37.0,47533.57,1897.14,2342.33,633.0,0.319,11.0,60.64,52.0,36.0,2.0,8.78,74.97,9.49,46.0,0.252,3.0,0.93,52.47,58.38
C0649,risk_group,45.0,36749.81,1767.26,881.04,621.0,0.533,5.0,38.67,28.0,12.0,3.0,5.16,38.77,63.25,27.0,0.124,4.0,2.83,50.66,43.4
C0496,premium,47.0,53867.88,2219.74,2541.86,714.0,0.243,20.0,59.54,90.0,73.0,1.0,9.2,82.07,6.21,47.0,0.343,4.0,1.2,93.58,100
C0307,standard,47.0,45286.23,1649.67,2678.61,737.0,0.092,13.0,50.56,29.0,1.0,2.0,9.27,76.17,0,33.0,0.087,1.0,0,49.25,39.16
C0092,economy,36.0,31459.94,1257.75,912.47,570.0,0.518,3.0,38.32,31.0,0,4.0,4.63,36.93,54.7,7.0,0.096,2.0,3.33,33.92,23.62
C0013,economy,30.0,28677.85,1150.83,1065.11,648.0,0.332,0,32.75,9.0,0,3.0,6.4,35.09,48.79,13.0,0.139,1.0,2.58,45.56,19.49
C0212,standard,35.0,42178.8,1636.06,2068.71,708.0,0.3,17.0,60.1,66.0,48.0,1.0,8.68,80.99,11.4,37.0,0.33,5.0,1.3,61.84,76.76
C0091,economy,35.0,17627.36,658.06,71.21,465.0,0.544,11.0,40.64,15.0,4.0,5.0,5.12,39.89,62.33,8.0,0.204,3.0,1.72,49.64,29.23
C0084,economy,32.0,21898.32,561.44,1258.84,564.0,0.53,2.0,27.48,7.0,8.0,3.0,5.35,42.0,54.87,21.0,0.203,1.0,1.69,44.1,26.5
C0436,premium,38.0,69264.21,3011.96,3105.62,755.0,0.178,19.0,62.29,93.0,85.0,0.0,9.0,87.57,1.95,48.0,0.372,3.0,1.73,92.19,100
C0611,risk_group,34.0,26012.2,1106.03,807.19,515.0,0.495,11.0,35.91,34.0,30.0,3.0,6.48,56.52,57.08,22.0,0.306,3.0,2.86,56.85,54.97
C0531,risk_group,30.0,29570.59,1266.92,678.98,540.0,0.502,7.0,36.75,72.0,39.0,3.0,6.26,59.34,52.01,24.0,0.322,1.0,2.12,64.66,66.67
C0481,premium,40.0,45860.64,1568.29,2654.43,663.0,0.348,13.0,53.49,78.0,47.0,4.0,7.79,77.6,18.86,38.0,0.187,3.0,1.46,61.97,88.23
C0053,economy,31.0,10589.77,482.68,-243.66,412.0,0.744,7.0,34.53,40.0,36.0,3.0,4.12,26.68,71.88,9.0,0.34,3.0,4.45,74.28,62.8
C0453,premium,34.0,65189.33,2487.08,3459.24,731.0,0.309,15.0,59.91,69.0,68.0,1.0,7.94,68.66,0,37.0,0.389,2.0,1.67,85.61,100
C0528,risk_group,29.0,46746.2,1887.33,1881.48,638.0,0.421,13.0,48.16,50.0,51.0,2.0,7.07,71.23,39.57,37.0,0.311,3.0,1.95,68.72,85.06
C0184,standard,31.0,45091.47,1844.8,1644.84,656.0,0.3,17.0,59.7,78.0,54.0,0.0,7.89,78.08,4.07,40.0,0.309,3.0,2.6,67.83,92.19
C0378,premium,33.0,68905.21,2895.24,3289.17,741.0,0.154,21.0,62.2,95.0,75.0,2.0,9.64,92.01,1.99,53.0,0.426,4.0,0.2,97.89,100
C0187,standard,34.0,43407.04,1485.37,2410.35,722.0,0.169,9.0,48.99,44.0,29.0,2.0,8.58,68.63,11.18,19.0,0.182,2.0,1.97,61.92,49.34
C0158,economy,28.0,9000,515.37,-501.39,566.0,0.54,8.0,26.25,28.0,9.0,3.0,5.83,46.74,43.29,5.0,0.168,1.0,3.07,49.0,40.04
C0683,risk_group,18,34548.8,1568.72,1055.28,533.0,0.42,13.0,40.6,61.0,51.0,4.0,7.34,61.24,34.74,23.0,0.317,4.0,1.91,65.62,82.14
C0556,risk_group,36.0,39510.01,1685.42,1252.5,561.0,0.307,12.0,44.58,58.0,54.0,2.0,7.77,78.62,16.8,31.0,0.269,0.0,1.54,74.33,86.4
C0482,premium,38.0,60627.99,2470.29,2779.85,790.0,0.093,24.0,71.5,101.0,85.0,0,10,100,0,50.0,0.375,3.0,2.45,76.82,100
C0076,economy,49.0,32682.18,1354.46,990.66,590.0,0.404,9.0,45.01,24.0,11.0,2.0,6.85,57.29,33.05,16.0,0.166,2.0,2.22,72.43,34.38
C0302,standard,37.0,46702.35,1746.65,2303.75,583.0,0.414,10.0,42.34,52.0,17.0,3.0,5.8,61.02,34.63,29.0,0.252,2.0,2.29,49.15,59.34
C0341,standard,18,52421.15,2028.93,2342.19,663.0,0.228,17.0,40.55,57.0,41.0,2.0,8.83,72.59,0,36.0,0.265,4.0,0.36,59.1,58.51
C0019,economy,32.0,9000,556.65,-691.14,489.0,0.452,4.0,35.74,34.0,27.0,3.0,5.89,40.15,40.91,15.0,0.175,0.0,2.47,65.51,55.45
C0280,standard,32.0,45596.44,1567.11,2303.62,646.0,0.201,4.0,60.83,28.0,5.0,2.0,8.51,70.68,16.59,23.0,0.098,1.0,1.24,49.11,35.24
C0077,economy,35.0,26235.5,1192.08,599.96,544.0,0.57,8.0,36.13,7.0,12.0,3.0,6.07,32.83,56.2,9.0,0.2,3.0,2.19,46.09,35.1
C0451,premium,48.0,70866.0,2551.49,4107.67,829.0,0.02,19.0,62.52,81.0,52.0,0,10,93.28,0,52.0,0.324,3.0,0.84,93.18,95.27
C0614,risk_group,45.0,24630.23,1152.73,146.8,510.0,0.671,3.0,43.02,10.0,0,3.0,4.63,43.86,83.37,13.0,0.105,1.0,4.12,27.86,17.25
C0615,risk_group,36.0,43485.04,2059.38,1119.93,485.0,0.579,6.0,54.44,55.0,24.0,3.0,5.03,63.53,62.57,32.0,0.378,3.0,3.73,70.35,55.17
C0288,standard,22.0,57613.73,2292.78,2480.84,726.0,0.218,18.0,37.49,89.0,51.0,2.0,9.33,76.65,1.02,41.0,0.181,4.0,0.94,69.71,82.29
C0219,standard,41.0,59511.72,2260.45,2594.63,699.0,0.249,16.0,55.87,72.0,40.0,4.0,7.89,79.08,10.03,42.0,0.219,3.0,1.59,75.99,81.9
C0283,standard,36.0,23647.26,1051.83,358.22,596.0,0.383,12.0,39.08,43.0,24.0,3.0,7.09,66.18,32.13,26.0,0.145,2.0,2.34,71.58,63.06
C0450,premium,50.0,79743.33,3434.95,3503.83,785.0,0.202,18.0,64.23,62.0,83.0,2.0,8.94,86.19,3.74,46.0,0.392,2.0,1.71,95.6,96.47
C0083,economy,36.0,17888.19,817.11,20.93,450.0,0.62,3.0,27.51,30.0,1.0,5.0,5.5,44.9,49.87,18.0,0.174,2.0,3.12,30.05,33.28
C0135,economy,50.0,41263.82,1665.02,1852.67,639.0,0.375,5.0,44.7,39.0,12.0,1.0,5.75,48.73,43.72,34.0,0.092,2.0,3.37,71.16,36.12
C0067,economy,40.0,37911.3,1729.9,985.93,524.0,0.424,9.0,53.0,22.0,0,4.0,5.45,49.95,50.98,27.0,0.276,3.0,2.11,44.45,11.86
C0171,economy,26.0,11369.91,647.12,221.23,560.0,0.446,1.0,41.72,6.0,0,4.0,5.13,43.96,42.73,17.0,0.061,1.0,1.21,38.5,10.12
C0426,premium,44.0,40299.17,1369.99,1957.86,688.0,0.123,14.0,48.16,72.0,38.0,1.0,9.09,83.4,0,35.0,0.256,3.0,1.38,78.63,56.68
C0023,economy,34.0,31127.95,1172.03,1171.97,566.0,0.451,3.0,27.99,161.0,82.0,2.0,4.22,31.43,50.49,25.0,0.234,1.0,4.03,65.06,71.62088111262742
C0589,risk_group,41.0,29377.01,1571.67,530.16,543.0,0.454,11.0,48.96,55.0,22.0,3.0,5.49,58.45,38.7,28.0,0.287,3.0,2.83,63.47,54.11
C0419,premium,33.0,54831.79,2162.81,2489.01,700.0,0.195,17.0,66.19,101.0,79.0,2.0,8.61,78.47,0,47.0,0.292,2.0,2.41,100,100
C0447,premium,47.0,69978.32,3094.24,3491.83,784.0,0.215,22.0,58.13,102.0,77.0,0,10,86.62,0,52.0,0.314,3.0,1.51,89.57,99.93
C0027,economy,32.0,33667.36,1470.61,1076.91,564.0,0.497,4.0,40.72,33.0,24.0,3.0,4.3,37.08,80.02,11.0,0.258,3.0,2.5,58.71,47.3
C0536,risk_group,41.0,45183.81,2035.0,1713.67,638.0,0.487,13.0,47.94,50.0,57.0,3.0,6.24,46.21,42.04,30.0,0.202,4.0,2.13,94.5,67.2
C0622,risk_group,36.0,33352.33,1254.89,924.74,567.0,0.482,8.0,39.85,27.0,6.0,3.0,5.6,45.95,47.93,25.0,0.18,4.0,2.84,40.61,52.32
C0259,standard,37.0,51649.02,2043.13,2627.82,652.0,0.364,14.0,48.61,51.0,34.0,2.0,6.37,75.34,27.94,33.0,0.275,2.0,1.39,60.33,41.77
C0328,standard,25.0,39270.52,1407.17,1754.62,606.0,0.382,12.0,51.73,53.0,17.0,1.0,7.28,60.97,24.89,37.0,0.324,3.0,3.93,50.52,44.17
C0413,premium,38.0,48837.73,1711.05,2668.44,771.0,0.07,19.0,66.77,81.0,51.0,0.0,8.26,76.56,0,48.0,0.406,3.0,0,72.73,82.2
C0625,risk_group,41.0,40356.01,1936.77,1198.61,538.0,0.459,8.0,61.76,59.0,26.0,3.0,,54.15,48.33,14.0,0.252,3.0,3.13,39.86,52.53
C0108,economy,33.0,9000,599.35,-421.87,552.0,0.381,2.0,25.59,4.0,0,2.0,6.58,,41.25,18.0,0.04,0.0,2.3,39.01,13.58
C0310,standard,42.0,45235.8,1769.72,2474.2,687.0,0.202,13.0,54.49,75.0,53.0,0.0,8.71,68.84,4.58,44.0,0.24,1.0,0.96,78.9,81.27
C0145,economy,43.0,15320.61,922.8,-346.55,524.0,0.423,3.0,23.36,37.0,11.0,4.0,5.89,54.05,40.94,15.0,0.224,1.0,3.35,54.44,37.17
C0140,economy,35.0,17719.16,620.74,645.23,563.0,0.39,9.0,45.29,19.0,0,3.0,6.04,51.06,39.85,22.0,0.26,3.0,2.39,48.76,30.21
C0610,risk_group,24.0,10421.92,250,591.68,437.0,0.605,9.0,38.76,47.0,26.0,5.0,5.42,40.6,63.16,8.0,0.188,4.0,4.08,51.87,51.91
C0549,risk_group,47.0,33379.75,1331.54,1050.5,566.0,0.431,7.0,29.78,41.0,36.0,4.0,4.28,41.43,63.8,20.0,0.222,2.0,2.44,61.18,60.83
C0055,economy,28.0,25935.08,713.9,1454.35,595.0,0.312,6.0,33.85,36.0,25.0,1.0,6.55,48.6,40.4,20.0,0.125,1.0,1.76,61.76,42.58
C0576,risk_group,36.0,17403.67,980.27,-402.6,506.0,0.543,1.0,33.8,13.0,4.0,4.0,4.25,31.1,69.0,15.0,0.155,2.0,3.55,52.67,38.02
C0438,premium,40.0,80322.55,3108.45,4487.05,822.0,0.024,25.0,81.25,99.0,75.0,0,10,98.98,0,56.0,0.324,4.0,0,100,100
C0069,economy,36.0,9000,405.5,-179.82,515.0,0.494,0,26.89,24.0,3.0,4.0,5.93,35.27,54.89,1,0.091,2.0,3.62,40.92,19.57
C0054,economy,42.0,13340.44,526.83,-314.17,497.0,0.51,7.0,28.55,16.0,6.0,4.0,6.04,32.17,57.41,1,0.064,2.0,2.98,43.52,21.94
C0359,premium,30.0,72793.26,3164.63,3135.18,713.0,0.216,20.0,48.54,112.0,72.0,2.0,10,86.45,0,47.0,0.262,3.0,1.68,82.74,100
C0284,standard,40.0,40161.75,1691.81,1446.99,589.0,0.383,15.0,45.57,86.0,25.0,3.0,6.4,56.67,40.9,41.0,0.367,4.0,3.84,59.89,69.7
C0355,premium,39.0,60031.19,2442.7,3010.71,724.0,0.179,15.0,62.41,87.0,75.0,0,7.73,84.76,7.45,43.0,0.244,4.0,2.34,58.63,90.81
C0656,risk_group,38.0,28851.87,1378.63,832.77,522.0,0.44,10.0,38.87,48.0,18.0,2.0,5.58,40.11,47.42,20.0,0.233,1.0,2.72,50.35,42.03
C0314,standard,45.0,43863.5,1603.66,2326.87,689.0,0.31,11.0,45.6,61.0,40.0,2.0,6.38,63.7,22.74,29.0,0.205,2.0,0,60.19,61.39
C0155,economy,34.0,20297.96,622.59,377.16,551.0,0.492,5.0,30.18,27.0,20.0,4.0,4.93,39.81,58.62,13.0,0.153,2.0,3.02,43.93,29.48
C0279,standard,42.0,33890.01,1441.37,1156.1,606.0,0.427,7.0,42.42,40.0,24.0,2.0,6.58,68.25,42.75,32.0,0.193,2.0,2.99,66.03,32.81
C0590,risk_group,34.0,13321.12,650.2,-227.2,480.0,0.639,10.0,37.39,35.0,23.0,3.0,4.39,52.31,69.99,9.0,0.151,4.0,3.93,40.1,51.17
C0394,premium,33.0,53145.4,2375.57,2173.94,731.0,0.305,16.0,56.58,86.0,61.0,1.0,8.69,86.98,12.19,52.0,0.316,4.0,1.27,73.96,81.02
C0146,economy,34.0,17916.07,1002.78,231.85,597.0,0.399,0,42.64,0,0,3.0,5.5,32.77,55.56,11.0,0.145,0.0,2.34,63.09,28.26
C0190,standard,37.0,45906.25,2005.26,1846.58,660.0,0.261,16.0,53.85,74.0,71.0,1.0,7.54,78.35,18.65,29.0,0.319,4.0,2.02,65.14,94.74
C0126,economy,29.0,9000,403.09,-88.35,432.0,0.583,3.0,31.86,35.0,17.0,5.0,3.59,36.75,84.29,8.0,0.283,0.0,2.91,43.09,44.38
C0657,risk_group,42.0,39369.73,1831.31,1540.54,646.0,0.406,3.0,47.61,24.0,0,2.0,5.99,48.08,50.99,27.0,0.216,1.0,2.82,45.68,21.64
C0179,standard,38.0,35691.78,1280.96,1923.82,652.0,0.247,7.0,54.45,34.0,27.0,3.0,7.54,53.24,6.29,18.0,0.081,2.0,1.8,59.5,28.72
C0362,premium,43.0,63756.04,2373.06,3124.34,731.0,0.142,12.0,67.85,69.0,58.0,2.0,8.71,73.67,4.85,45.0,0.252,3.0,1.04,84.18,79.74
C0629,risk_group,24.0,38173.49,1746.61,1123.89,491.0,0.553,19.0,40.34,77.0,49.0,2.0,6.93,68.19,46.18,22.0,0.396,6.0,3.96,75.55,76.84
C0260,standard,36.0,41498.69,1570.65,1601.68,692.0,0.315,15.0,45.33,46.0,37.0,2.0,6.56,69.13,24.05,19.0,0.304,2.0,1.55,50.9,73.63
C0431,premium,39.0,70051.79,2798.61,3745.69,764.0,0.134,18.0,56.03,85.0,62.0,2.0,10,81.43,0,48.0,0.249,3.0,1.9,95.86,94.94
C0276,standard,46.0,51070.11,2209.31,1913.43,636.0,0.391,9.0,50.08,53.0,40.0,1.0,7.9,63.87,33.4,39.0,0.215,1.0,3.98,89.29,70.12
C0356,premium,47.0,54913.01,2284.54,2422.96,657.0,0.169,21.0,44.43,92.0,72.0,0,7.82,88.6,14.22,43.0,0.417,5.0,1.95,70.41,93.09
C0052,economy,42.0,36699.69,1487.01,1752.18,621.0,0.376,6.0,50.66,35.0,28.0,2.0,6.74,53.36,28.54,28.0,0.067,0.0,1.29,65.08,54.58
C0289,standard,41.0,43269.66,1810.2,1495.41,622.0,0.343,15.0,47.66,65.0,44.0,2.0,6.77,57.57,35.49,36.0,0.278,4.0,1.53,70.88,64.02
C0319,standard,39.0,28077.06,889.01,1527.18,646.0,0.328,18.0,27.12,62.0,45.0,2.0,7.21,55.79,25.13,29.0,0.262,4.0,1.3,59.0,58.84
C0358,premium,47.0,75871.21,3025.33,3811.73,808.0,0.02,24.0,60.74,115.0,67.0,0,10,96.3,0,61.0,0.331,2.0,0,100,100
C0005,economy,34.0,20306.24,893.01,696.03,590.0,0.483,12.0,43.07,44.0,10.0,3.0,6.72,57.31,27.3,17.0,0.264,3.0,2.86,51.45,48.29
C0038,economy,38.0,23099.81,928.21,271.57,544.0,0.483,2.0,38.15,29.0,3.0,15.0,2.7350507618725963,43.82,100,13.0,0.044,2.0,3.1,58.4,33.59
C0370,premium,50.0,76913.13,2900.76,4105.46,743.0,0.216,16.0,76.48,66.0,45.0,1.0,9.11,86.49,0,47.0,0.2,4.0,1.82,73.47,84.04
C0603,risk_group,35.0,30478.6,1602.03,476.7,526.0,0.546,9.0,43.4,52.0,21.0,3.0,3.67,44.22,70.04,22.0,0.246,3.0,3.21,48.35,48.65
C0154,economy,43.0,,1166.95,1690.08,606.0,0.449,0,51.65,13.0,0,5.0,5.15,33.69,51.82,3.0,0.124,0,1.82,30.74,16.72
C0472,premium,47.0,36994.42,1319.79,1605.39,634.0,0.351,14.0,55.37,70.0,38.0,1.0,7.74,65.99,12.2,42.0,0.355,4.0,2.22,75.16,80.92
C0344,standard,33.0,59014.62,2459.77,2610.84,615.0,0.252,20.0,46.7,75.0,61.0,0,9.25,80.48,0,37.0,0.334,5.0,2.26,63.13,92.97
C0538,risk_group,22.0,56218.75,2630.05,1934.38,595.0,0.603,12.0,62.72,97.0,61.0,5.0,6.16,64.34,53.99,30.0,0.351,2.0,2.64,79.41,90.22
C0203,standard,33.0,45119.04,1745.32,1967.07,677.0,0.297,12.0,64.41,68.0,27.0,1.0,7.97,86.13,8.78,45.0,0.336,2.0,1.78,51.49,64.11
C0424,premium,39.0,61349.16,2423.22,3003.43,788.0,0.119,18.0,61.78,69.0,67.0,0,8.19,67.72,9.4,35.0,0.313,3.0,1.19,82.15,81.34
C0123,economy,37.0,9000,324.41,-385.72,487.0,0.641,0,21.25,4.0,0,5.0,3.76,0,75.95,1,0.025,0.0,3.33,56.13,20.74
C0401,premium,57.0,83035.72,2991.32,4347.91,772.0,0.109,17.0,68.81,75.0,64.0,1.0,10,88.53,0,50.0,0.306,3.0,1.62,78.55,76.21
C0502,premium,49.0,65309.52,2498.74,3480.12,806.0,0.051,16.0,66.48,86.0,52.0,2.0,9.77,79.46,0,44.0,0.297,2.0,1.04,73.14,90.8
C0663,risk_group,41.0,48084.77,1905.09,1775.83,596.0,0.517,7.0,39.2,54.0,20.0,5.0,5.79,43.23,47.53,29.0,0.224,2.0,3.27,63.76,49.48
C0134,economy,29.0,13896.51,250,464.41,572.0,0.485,3.0,37.4,22.0,1.0,2.0,5.47,50.2,54.3,4.0,0.051,1.0,1.57,49.5,21.28
C0565,risk_group,34.0,43313.23,1906.7,1167.96,544.0,0.501,9.0,34.87,29.0,13.0,4.0,5.17,35.97,56.75,20.0,0.177,4.0,3.58,55.39,43.37
C0268,standard,24.0,26399.34,784.98,863.41,552.0,0.371,7.0,44.32,40.0,22.0,3.0,5.94,49.53,43.0,11.0,0.08,2.0,2.74,70.81,51.45
C0290,standard,41.0,48574.3,2083.9,1941.49,683.0,0.3,9.0,67.67,57.0,20.0,2.0,8.11,72.62,18.0,42.0,0.254,2.0,1.69,76.48,51.16
C0299,standard,30.0,36404.0,1704.02,999.62,618.0,0.466,15.0,40.37,42.0,29.0,3.0,6.64,55.18,24.66,29.0,0.354,4.0,2.85,64.39,60.9
C0337,standard,36.0,15999.29,727.49,352.41,554.0,0.465,14.0,30.98,55.0,36.0,2.0,7.25,60.62,39.47,15.0,0.235,2.0,2.74,42.16,64.17
C0628,risk_group,44.0,32284.54,1579.46,920.46,524.0,0.632,6.0,50.56,22.0,5.0,4.0,4.29,39.74,68.66,25.0,0.205,2.0,3.05,48.15,33.58
C0578,risk_group,48.0,49607.77,2330.2,1458.53,535.0,0.538,7.0,36.22,59.0,27.0,5.0,6.06,60.47,58.35,23.0,0.379,3.0,3.32,59.99,52.12
C0318,standard,38.0,33359.19,1324.87,1307.04,586.0,0.414,15.0,46.25,62.0,42.0,3.0,6.67,65.5,33.86,28.0,0.266,3.0,4.12,46.69,53.41
C0021,economy,43.0,18301.51,1123.22,18.88,596.0,0.444,6.0,34.18,22.0,22.0,,5.65,51.93,56.84,19.0,0.194,4.0,2.79,53.39,43.17
C0651,risk_group,29.0,38279.34,1747.61,956.0,546.0,0.545,6.0,40.53,46.0,14.0,2.0,7.2,55.38,38.09,26.0,0.238,4.0,1.71,57.67,47.77
C0602,risk_group,31.0,119824.4,4501.9,2356.62,697.0,0.361,14.0,128.62,68.0,28.0,3.0,6.94,71.14,30.13,29.0,0.245,3.0,1.84,65.27,68.19
C0127,economy,29.0,29504.69,1385.55,1052.79,597.0,0.342,6.0,47.97,40.0,11.0,2.0,5.02,36.28,57.31,12.0,0.171,2.0,1.48,50.07,45.68
C0292,standard,43.0,22502.45,814.17,1724.42,625.0,0.273,10.0,42.37,48.0,37.0,1.0,8.31,63.66,23.67,20.0,0.283,2.0,2.22,57.04,51.29
C0062,economy,24.0,34254.46,1135.9,1673.8,667.0,0.316,3.0,39.9,50.0,32.0,1.0,7.23,53.85,27.87,39.0,0.1,1.0,2.48,62.05,49.06
C0469,premium,48.0,84321.49,3384.29,4025.66,850,0.047,22.0,71.66,101.0,79.0,1.0,10,92.99,0,59.0,0.446,4.0,0.98,79.81,99.17
C0121,economy,29.0,20106.37,1015.2,731.94,560.0,0.394,3.0,37.57,27.0,0,1.0,6.26,,29.29,15.0,0.132,1.0,1.66,54.36,41.91
C0346,standard,41.0,24970.18,915.35,886.57,585.0,0.505,8.0,53.75,52.0,38.0,2.0,8.33,65.69,22.36,29.0,0.312,2.0,3.14,56.72,62.22
C0511,premium,41.0,64883.78,3077.47,2682.84,688.0,0.207,20.0,68.98,92.0,72.0,3.0,9.02,83.32,0,48.0,0.378,5.0,2.0,83.73,89.81
C0305,standard,33.0,25688.19,994.1,551.16,512.0,0.535,9.0,41.44,39.0,25.0,4.0,4.51,35.82,65.51,10.0,0.192,3.0,4.5,32.34,44.88
C0036,economy,24.0,10877.18,645.75,-111.24,528.0,0.496,3.0,40.27,30.0,16.0,5.0,5.71,42.79,66.01,6.0,0.24,2.0,3.06,62.5,45.78
C0686,risk_group,30.0,49782.18,2077.01,1767.59,636.0,0.453,16.0,51.1,74.0,45.0,1.0,6.41,66.55,32.2,38.0,0.336,3.0,2.68,61.41,86.65
C0042,economy,43.0,18048.25,632.65,175.3,515.0,0.603,4.0,42.86,3.0,0,4.0,3.27,23.6,75.57,1,0.03,2.0,2.63,41.66,0.89
C0261,standard,24.0,39353.15,1898.21,1393.51,610.0,0.266,17.0,49.37,84.0,70.0,2.0,8.53,69.76,25.39,44.0,0.366,4.0,3.68,62.13,95.36
C0400,premium,49.0,53499.75,2283.9,2853.48,734.0,0.207,18.0,48.86,104.0,87.0,0.0,8.18,65.34,0,48.0,0.456,3.0,1.68,82.55,100
C0540,risk_group,36.0,18487.16,277.12,834.98,506.0,0.698,3.0,39.88,25.0,19.0,4.0,5.21,28.9,79.2,11.0,0.201,3.0,4.07,67.96,44.11
C0532,risk_group,33.0,53383.96,2294.29,1979.33,657.0,0.461,13.0,46.82,75.0,58.0,2.0,7.82,77.12,29.03,31.0,0.413,1.0,3.02,83.86,82.94
C0596,risk_group,35.0,31456.26,1228.84,1373.59,551.0,0.504,8.0,50.41,38.0,12.0,2.0,5.84,58.2,52.13,16.0,0.009,2.0,2.22,50.39,42.47
C0245,standard,35.0,38253.65,1696.24,1747.54,620.0,0.275,12.0,51.02,84.0,51.0,1.0,8.81,75.75,12.71,25.0,0.327,1.0,1.18,69.23,77.14
C0300,standard,40.0,39317.61,1655.1,1201.79,579.0,0.465,12.0,48.37,67.0,48.0,4.0,6.64,52.53,35.26,31.0,0.188,4.0,2.67,67.42,80.47
C0444,premium,27.0,72404.53,3105.86,3384.3,760.0,0.198,22.0,61.44,103.0,75.0,2.0,8.94,100,3.0,52.0,0.393,5.0,1.23,93.19,100
C0407,premium,47.0,51143.01,1655.85,2924.45,728.0,0.298,13.0,54.24,65.0,47.0,2.0,7.23,62.35,10.72,29.0,0.292,3.0,1.58,64.62,84.19
C0161,economy,28.0,20632.24,1195.93,-220.56,558.0,0.545,12.0,27.25,50.0,17.0,2.0,5.57,54.62,50.07,10.0,0.23,3.0,3.41,58.93,49.45
C0526,risk_group,35.0,21821.31,844.95,523.85,447.0,0.588,4.0,25.14,46.0,5.0,4.0,5.33,46.73,57.94,18.0,0.227,4.0,3.59,50.27,34.37
C0601,risk_group,40.0,50070.45,1814.75,2068.28,608.0,0.467,9.0,45.67,42.0,30.0,3.0,6.19,51.44,45.27,37.0,0.32,1.0,2.42,70.42,59.82
C0278,standard,34.0,45950.15,2144.21,1864.85,580.0,0.409,8.0,54.64,49.0,28.0,1.0,8.27,60.95,13.85,28.0,0.122,2.0,3.31,73.52,54.21
C0377,premium,47.0,80271.2,3424.16,4096.67,769.0,0.059,22.0,87.71,90.0,86.0,2.0,9.88,97.98,0,60.0,0.281,3.0,2.08,81.72,100
C0639,risk_group,18,21656.8,1012.69,-518.64,525.0,0.693,8.0,48.02,43.0,35.0,2.0,5.9,52.8,66.96,20.0,0.357,3.0,3.78,65.89,62.96
C0030,economy,40.0,29344.98,1192.06,1324.85,585.0,0.325,0,43.7,2.0,0,3.0,7.84,,37.92,14.0,0.097,2.0,2.16,51.77,23.18
C0112,economy,32.0,37748.1,1530.81,1374.72,591.0,0.451,9.0,45.45,61.0,32.0,4.0,6.04,47.74,48.09,30.0,0.306,2.0,2.38,43.96,52.09
C0152,economy,35.0,19086.1,525.77,-8.53,457.0,0.648,8.0,39.18,26.0,1.0,5.0,4.22,21.79,69.7,17.0,0.209,2.0,3.16,44.36,31.08
C0461,premium,42.0,68431.71,2785.74,2842.18,714.0,0.151,20.0,55.4,93.0,67.0,1.0,8.41,81.52,0,52.0,0.322,4.0,1.71,85.18,96.81
C0080,economy,26.0,15518.38,808.96,-129.3,529.0,0.525,4.0,32.64,8.0,6.0,5.0,6.02,40.82,46.82,5.0,0.146,2.0,3.68,49.09,11.64
C0250,standard,42.0,31141.82,1245.71,1303.6,634.0,0.395,18.0,37.31,93.0,65.0,0,8.07,64.42,7.93,34.0,0.376,3.0,1.14,74.37,80.78
C0659,risk_group,28.0,31186.52,1048.4,1093.9,522.0,0.628,6.0,48.11,35.0,32.0,6.0,4.32,42.21,83.26,18.0,0.239,3.0,3.13,46.13,58.17
C0339,standard,40.0,46712.26,1947.83,1923.42,593.0,0.522,12.0,52.7,38.0,33.0,2.0,7.64,61.79,23.82,22.0,0.285,4.0,3.19,76.88,55.17
C0646,risk_group,35.0,25409.78,927.43,633.94,487.0,0.667,4.0,33.28,24.0,6.0,6.0,5.37,45.33,57.35,22.0,0.167,3.0,2.64,45.55,44.58
C0422,premium,36.0,49186.46,1572.26,2758.96,698.0,0.223,14.0,45.23,83.0,58.0,3.0,7.92,68.04,15.2,27.0,0.223,3.0,0.83,63.81,97.73
C0375,premium,44.0,39978.43,1345.07,2219.55,705.0,0.167,19.0,55.26,67.0,74.0,2.0,8.11,83.23,15.92,40.0,0.311,2.0,1.67,85.93,92.16
C0357,premium,43.0,63121.54,2837.88,2354.64,672.0,0.255,15.0,56.06,60.0,52.0,1.0,8.9,84.86,4.52,53.0,0.232,3.0,0.65,67.49,70.88
C0457,premium,35.0,51961.75,1916.79,2491.61,759.0,0.02,21.0,64.81,63.0,44.0,1.0,8.6,77.34,0,40.0,0.246,2.0,1.21,71.44,72.26
C0600,risk_group,40.0,24592.79,1011.47,774.08,568.0,0.547,9.0,36.79,43.0,31.0,4.0,5.63,47.43,42.09,23.0,0.252,3.0,2.79,48.08,53.68
C0233,standard,37.0,41674.57,2125.62,1282.44,631.0,0.287,15.0,56.87,55.0,30.0,3.0,8.78,73.43,12.41,38.0,0.335,3.0,2.57,75.32,69.2
C0423,premium,32.0,49567.6,2032.28,1521.81,649.0,0.358,13.0,57.93,54.0,44.0,2.0,6.23,51.61,24.04,39.0,0.172,3.0,1.93,67.79,75.24
C0490,premium,46.0,78389.0,3184.87,3988.59,800.0,0.14,20.0,66.79,92.0,65.0,0.0,10,91.68,0,55.0,0.332,3.0,1.29,72.97,100
C0136,economy,40.0,21201.39,776.2,701.61,583.0,0.302,1.0,34.57,0,4.0,3.0,5.09,44.8,50.71,2.0,0.061,2.0,2.64,35.23,10.38
C0200,standard,32.0,44896.42,1700.89,2572.93,694.0,0.262,20.0,41.59,67.0,38.0,0.0,8.54,79.51,6.74,33.0,0.345,4.0,2.2,53.62,81.86
C0002,economy,41.0,24368.53,689.25,1271.89,596.0,0.438,4.0,43.83,15.0,0,4.0,4.93,41.97,45.95,21.0,0.168,2.0,3.23,67.54,35.75
C0195,standard,36.0,52879.66,2225.03,2579.94,744.0,0.244,11.0,62.0,55.0,45.0,3.0,8.65,63.75,0.17,45.0,0.227,2.0,2.06,72.81,68.93
C0085,economy,32.0,28000.18,1158.38,1004.33,602.0,0.362,7.0,35.88,41.0,20.0,1.0,5.71,37.84,39.55,21.0,0.09,1.0,1.72,53.96,41.55
C0687,risk_group,44.0,59916.13,2688.51,1925.29,568.0,0.45,4.0,44.96,39.0,14.0,5.0,6.27,55.04,66.83,18.0,0.217,2.0,3.67,43.59,33.4
C0529,risk_group,36.0,37636.66,1584.06,984.51,571.0,0.586,13.0,33.33,71.0,57.0,3.0,5.43,58.99,54.01,31.0,0.379,3.0,2.67,88.33,87.72
C0500,premium,44.0,46626.22,1816.41,2065.24,621.0,0.424,17.0,54.51,89.0,48.0,3.0,6.55,65.23,26.4,40.0,0.344,4.0,1.71,84.56,89.14
C0541,risk_group,30.0,32837.54,1750.14,916.19,584.0,0.546,12.0,51.27,50.0,25.0,3.0,5.33,43.57,47.82,40.0,0.275,3.0,2.03,46.88,54.21
C0548,risk_group,34.0,17028.7,594.82,-57.59,491.0,0.574,0.0,41.38,52.0,20.0,4.0,4.64,35.21,69.2,13.0,0.164,3.0,2.32,59.17,42.98
C0534,risk_group,37.0,36604.25,1592.29,977.18,600.0,0.525,8.0,44.23,43.0,28.0,4.0,4.36,30.19,64.63,11.0,0.234,2.0,1.98,66.49,51.34
C0086,economy,32.0,30936.49,1139.27,1143.76,630.0,0.51,5.0,47.13,44.0,9.0,4.0,7.36,48.34,29.27,27.0,0.205,2.0,2.73,57.05,34.28
C0504,premium,41.0,87980.48,3801.48,4303.9,850,0.067,24.0,72.25,118.0,91.0,2.0,10,92.27,0,56.0,0.396,2.0,0.23,81.25,100
C0435,premium,37.0,64503.77,2646.16,3253.4,782.0,0.272,20.0,64.23,65.0,50.0,1.0,8.33,86.19,9.59,56.0,0.299,2.0,1.35,75.52,89.76
C0386,premium,47.0,68125.19,3008.79,3076.41,806.0,0.02,19.0,68.33,61.0,55.0,0,9.35,90.23,0,49.0,0.29,2.0,0.9,68.57,90.98
C0048,economy,38.0,35488.0,1218.88,1885.45,608.0,0.322,5.0,47.03,34.0,25.0,13.0,3.239047436345988,52.32,57.48604000387541,20.0,0.099,1.0,2.72,44.25,43.37
C0515,premium,39.0,67430.28,2465.08,3548.83,731.0,0.123,18.0,46.78,80.0,66.0,1.0,10,96.33,0,41.0,0.302,4.0,1.03,72.09,89.77
C0429,premium,54.0,81000.37,3448.59,3568.91,823.0,0.09,21.0,75.36,92.0,66.0,1.0,9.68,88.52,0,47.0,0.311,4.0,1.2,85.38,100
C0499,premium,41.0,62859.46,2247.57,3706.41,814.0,0.067,18.0,60.41,78.0,60.0,1.0,10,91.91,0,43.0,0.281,2.0,1.17,89.42,85.28
C0334,standard,32.0,27578.33,844.42,1523.37,565.0,0.382,16.0,47.03,62.0,38.0,3.0,7.63,58.17,18.32,14.0,0.267,3.0,2.93,64.18,77.38
C0698,risk_group,43.0,44397.95,1969.71,1477.49,545.0,0.531,11.0,62.25,49.0,37.0,6.0,6.27,52.17,49.25,32.0,0.226,4.0,3.26,75.68,59.72
C0654,risk_group,52.0,47978.61,2094.2,887.14,532.0,0.598,5.0,47.39,31.0,16.0,4.0,4.72,41.68,74.81,25.0,0.156,3.0,3.44,52.36,44.65
C0697,risk_group,35.0,35606.71,1503.76,1339.33,593.0,0.531,8.0,45.35,49.0,24.0,4.0,5.32,41.97,53.17,28.0,0.268,3.0,2.43,78.87,50.93
C0593,risk_group,49.0,33686.39,1034.78,1300.68,568.0,0.607,8.0,35.89,54.0,14.0,5.0,4.63,25.18,52.38,1,0.311,3.0,2.26,59.0,43.88
C0564,risk_group,39.0,31019.7,1195.05,950.52,574.0,0.487,15.0,37.94,58.0,41.0,3.0,6.4,53.38,40.37,43.0,0.276,3.0,2.96,61.81,77.68
C0488,premium,43.0,57848.54,2650.61,2281.4,704.0,0.252,21.0,50.78,65.0,59.0,2.0,8.61,93.69,9.08,45.0,0.21,3.0,2.45,72.97,88.0
C0227,standard,43.0,43215.17,1958.86,1581.37,573.0,0.327,16.0,50.12,79.0,49.0,1.0,6.66,65.46,16.32,45.0,0.318,4.0,1.22,77.13,91.8
C0039,economy,35.0,23890.24,923.76,616.8,561.0,0.481,11.0,43.69,25.0,18.0,4.0,5.65,46.79,47.19,16.0,0.222,3.0,2.83,45.29,38.26
C0448,premium,34.0,43633.75,1648.21,2592.83,711.0,0.208,21.0,48.45,75.0,68.0,2.0,7.89,77.7,1.78,47.0,0.233,2.0,0.82,65.26,88.78
C0524,premium,44.0,76308.91,3277.34,3476.01,725.0,0.173,22.0,65.58,87.0,78.0,0.0,9.27,96.69,0,61.0,0.34,5.0,1.54,83.17,100
C0237,standard,38.0,57483.83,2109.0,3180.76,780.0,0.093,21.0,67.34,73.0,47.0,1.0,8.96,96.31,0,41.0,0.227,4.0,0.81,75.04,90.82
C0503,premium,33.0,56876.4,2606.52,2634.99,676.0,0.334,21.0,65.59,87.0,57.0,0,8.07,91.45,6.08,53.0,0.309,4.0,2.42,72.59,94.45
C0586,risk_group,46.0,44945.7,2028.68,1734.62,634.0,0.4,10.0,45.24,49.0,21.0,2.0,6.29,51.59,37.66,28.0,0.262,3.0,2.19,73.73,61.63
C0577,risk_group,33.0,42491.39,2050.67,1389.41,557.0,0.358,10.0,30.96,60.0,22.0,3.0,6.75,51.66,26.43,24.0,0.283,2.0,1.91,53.6,63.27
C0642,risk_group,44.0,38363.4,1792.71,751.66,515.0,0.809,7.0,51.44,32.0,39.0,6.0,3.86,25.47,81.3,22.0,0.348,5.0,3.45,63.39,51.37
C0230,standard,31.0,52829.44,2453.48,2219.7,720.0,0.218,11.0,50.78,56.0,18.0,2.0,8.47,67.11,10.52,42.0,0.203,3.0,0.88,54.29,43.14
C0609,risk_group,40.0,32211.02,1519.84,529.93,517.0,0.626,6.0,61.64,39.0,19.0,5.0,4.41,52.37,71.11,26.0,0.215,2.0,3.71,43.62,46.46
C0486,premium,37.0,46992.63,1945.23,1792.97,630.0,0.353,12.0,52.73,87.0,66.0,2.0,6.23,62.09,44.02,40.0,0.375,4.0,2.6,78.24,92.86
C0099,economy,30.0,31940.02,1496.19,588.01,577.0,0.437,11.0,36.1,56.0,37.0,3.0,6.19,56.76,45.48,18.0,0.156,4.0,1.88,63.75,58.39
C0652,risk_group,35.0,27938.48,1214.74,633.38,637.0,0.312,4.0,36.1,47.0,11.0,3.0,7.41,49.92,24.64,14.0,0.233,1.0,3.56,59.01,35.85
C0056,economy,45.0,10956.3,279.88,-198.8,466.0,0.452,0,33.59,0,0,4.0,4.82,39.8,69.91,1,0,0,2.46,22.99,0
C0442,premium,54.0,64491.51,2911.4,2874.9,762.0,0.101,15.0,60.23,69.0,55.0,1.0,10,82.58,0,50.0,0.243,3.0,1.12,60.95,88.5
C0410,premium,44.0,58410.69,2501.18,2735.96,722.0,0.231,13.0,57.22,56.0,32.0,0.0,7.37,65.62,13.06,42.0,0.225,0.0,2.6,75.91,67.57
C0174,economy,37.0,35390.16,1391.81,915.45,574.0,0.487,8.0,41.28,50.0,17.0,2.0,6.05,48.0,38.42,21.0,0.237,2.0,2.76,72.2,46.62
C0373,premium,46.0,65587.43,2855.4,2852.19,778.0,0.2,17.0,67.72,66.0,32.0,2.0,8.7,87.76,2.92,45.0,0.391,2.0,2.06,68.14,70.86
C0207,standard,32.0,40808.19,1818.73,1484.72,622.0,0.285,18.0,49.67,73.0,56.0,3.0,7.12,76.23,23.76,34.0,0.448,2.0,1.77,65.36,90.57
C0032,economy,29.0,9889.35,408.17,-208.72,463.0,0.526,4.0,28.43,24.0,22.0,6.0,5.51,37.93,71.4,10.0,0.197,2.0,3.14,45.87,44.5
C0051,economy,39.0,24640.83,1072.82,795.06,554.0,0.513,4.0,49.54,16.0,0,5.0,4.89,19.64,68.0,6.0,0.145,2.0,3.04,58.73,25.59
C0331,standard,36.0,38455.79,1503.51,1936.36,686.0,0.325,14.0,58.32,60.0,48.0,1.0,8.14,69.15,13.29,31.0,0.328,2.0,1.38,81.62,76.52
C0335,standard,38.0,61971.52,2447.52,3073.3,651.0,0.289,9.0,54.33,64.0,32.0,1.0,8.55,76.17,8.82,40.0,0.393,3.0,2.62,69.02,65.26
C0664,risk_group,31.0,35131.46,1850.51,198.14,571.0,0.539,14.0,37.51,51.0,57.0,2.0,4.81,39.31,59.93,25.0,0.368,4.0,2.64,70.83,73.91
C0681,risk_group,34.0,29132.3,1517.89,458.93,501.0,0.718,3.0,40.41,43.0,31.0,7.0,3.85,52.38,72.86,18.0,0.229,1.0,3.69,47.62,50.67
C0632,risk_group,40.0,33064.67,1768.13,206.77,525.0,0.583,9.0,43.7,48.0,42.0,4.0,5.21,43.39,66.81,14.0,0.252,3.0,4.61,65.19,71.82
C0443,premium,35.0,53635.46,2273.82,2443.45,744.0,0.274,16.0,62.81,77.0,,1.0,9.36,88.94,1.03,39.0,0.324,1.0,1.68,89.19,97.06
C0240,standard,43.0,45910.58,1377.68,3297.04,720.0,0.095,16.0,59.52,67.0,55.0,1.0,8.31,68.78,4.3,23.0,0.231,1.0,0.84,66.55,72.38
C0211,standard,40.0,43999.37,1753.55,1997.47,635.0,0.428,5.0,46.04,50.0,27.0,4.0,7.62,68.76,34.15,23.0,0.082,2.0,2.27,68.27,51.89
C0530,risk_group,39.0,25513.68,1219.28,332.75,428.0,0.702,3.0,47.2,36.0,9.0,6.0,4.02,36.31,75.21,12.0,0.205,3.0,3.21,48.72,46.64
C0182,standard,43.0,60322.29,2530.35,2335.88,765.0,0.218,13.0,56.86,86.0,55.0,1.0,8.86,87.07,13.95,48.0,0.447,5.0,1.49,92.01,86.39
C0665,risk_group,32.0,,1267.57,752.7,518.0,0.605,14.0,44.38,59.0,49.0,4.0,6.43,53.15,56.26,30.0,0.305,4.0,4.57,66.78,87.21
C0338,standard,30.0,27639.61,761.07,1570.65,678.0,0.247,16.0,54.07,71.0,52.0,1.0,7.64,58.74,3.65,34.0,0.249,2.0,0.93,78.5,75.76
C0050,economy,37.0,30338.05,1067.02,1301.72,550.0,0.498,7.0,43.13,42.0,15.0,3.0,5.99,57.43,34.34,23.0,0.301,1.0,2.04,55.99,45.9
C0585,risk_group,35.0,40369.39,1499.64,1768.38,622.0,0.398,10.0,60.22,44.0,,4.0,6.27,53.16,46.48,34.0,0.14,2.0,4.08,72.29,63.9
C0098,economy,43.0,9000,250,-29.58,503.0,0.433,1.0,19.77,10.0,1.0,2.0,6.52,41.97,52.03,1.0,0.141,0.0,3.2,43.24,23.37
C0209,standard,31.0,39608.16,1549.89,1770.29,610.0,0.443,14.0,51.87,56.0,24.0,3.0,6.38,56.88,34.43,24.0,0.135,2.0,2.52,48.72,57.96
C0414,premium,42.0,61314.04,2644.14,2475.99,691.0,0.273,14.0,64.64,65.0,64.0,1.0,8.34,84.86,4.61,48.0,0.336,3.0,2.22,71.95,80.24
C0492,premium,46.0,60643.67,2289.24,3131.39,740.0,0.127,20.0,59.56,60.0,38.0,0.0,10,81.8,0,40.0,0.252,4.0,0.77,66.59,81.68
C0402,premium,51.0,44904.15,1911.41,1666.72,671.0,0.244,18.0,32.21,82.0,59.0,2.0,7.44,63.44,13.05,31.0,0.299,2.0,0.5,91.34,83.15
C0125,economy,39.0,30083.64,995.25,1274.74,569.0,0.464,7.0,46.76,50.0,31.0,2.0,7.32,74.08,24.93,14.0,0.085,2.0,1.05,47.05,51.48
C0243,standard,37.0,38049.54,1760.62,1606.49,622.0,0.373,13.0,52.56,42.0,48.0,2.0,6.85,78.9,31.5,27.0,0.134,4.0,1.25,61.95,63.89
C0296,standard,37.0,52807.61,2106.01,2489.27,691.0,0.138,15.0,65.29,49.0,27.0,2.0,7.08,70.39,12.57,31.0,0.332,2.0,2.8,67.39,47.97
C0293,standard,42.0,53662.73,2171.72,2273.44,693.0,0.267,16.0,56.4,57.0,36.0,2.0,7.5,83.56,23.63,48.0,0.398,3.0,2.39,61.87,90.73
C0452,premium,44.0,60384.67,2332.41,3369.48,802.0,0.123,14.0,50.51,61.0,51.0,0,9.93,88.42,0,46.0,0.158,1.0,0.14,66.16,71.26
C0479,premium,37.0,61313.32,2779.09,2596.29,741.0,0.135,20.0,56.78,86.0,55.0,0,9.02,76.37,10.36,36.0,0.288,3.0,1.17,74.64,86.46
C0591,risk_group,42.0,33312.35,1536.92,673.77,436.0,0.762,3.0,31.8,24.0,15.0,7.0,4.5,46.36,73.51,8.0,0.275,2.0,4.49,55.82,36.7
C0608,risk_group,38.0,48118.49,1795.7,2031.08,663.0,0.396,12.0,48.82,60.0,29.0,4.0,7.6,72.6,15.64,37.0,0.241,2.0,1.62,56.38,60.8
C0618,risk_group,39.0,24499.98,736.45,889.56,522.0,0.505,4.0,41.73,56.0,26.0,5.0,5.07,34.92,66.11,11.0,0.248,2.0,3.67,54.19,57.35
C0110,economy,18.0,9000,250,197.19,443.0,0.442,0,35.07,0,0,3.0,3.78,27.02,64.13,4.0,0.263,0,3.67,30.23,11.07
C0249,standard,47.0,57537.78,2118.39,3058.89,737.0,0.347,11.0,37.22,50.0,39.0,2.0,7.72,75.46,24.27,33.0,0.304,2.0,1.76,81.05,67.09
C0343,standard,47.0,58389.5,2296.47,2970.54,666.0,0.255,9.0,53.14,74.0,33.0,2.0,6.17,45.62,31.22,33.0,0.298,3.0,2.29,67.91,59.25
C0598,risk_group,42.0,45158.42,2047.71,1475.44,582.0,0.534,9.0,29.29,41.0,13.0,5.0,5.35,50.0,48.74,29.0,0.264,3.0,2.47,52.27,47.77
C0122,economy,33.0,26128.16,1059.71,1003.7,615.0,0.374,3.0,49.86,30.0,3.0,2.0,6.99,41.72,36.64,22.0,0.156,2.0,1.35,49.58,30.98
C0264,standard,42.0,35089.65,1527.25,805.77,616.0,0.279,7.0,44.28,48.0,27.0,2.0,6.75,61.07,29.04,34.0,0.237,2.0,1.45,50.51,46.69
C0037,economy,33.0,17474.76,648.58,115.2,479.0,0.425,11.0,24.56,31.0,9.0,4.0,6.1,51.04,45.65,12.0,0.197,3.0,3.92,48.25,43.17
C0533,risk_group,49.0,44781.0,1897.75,1628.97,687.0,0.569,7.0,42.33,31.0,6.0,5.0,5.63,42.36,55.9,18.0,0.203,2.0,2.89,63.61,36.88
C0441,premium,35.0,49087.67,1538.67,3099.49,727.0,0.05,13.0,55.69,59.0,39.0,0.0,9.21,67.74,0,34.0,0.233,2.0,0.86,62.21,68.09
C0017,economy,36.0,9000,352.14,256.89,541.0,0.614,3.0,31.11,26.0,2.0,4.0,3.28,26.84,81.24,2.0,0.251,1.0,2.21,52.77,39.39
C0464,premium,53.0,79452.71,2890.16,4672.99,849.0,0.02,21.0,82.6,81.0,74.0,0,9.72,100,0,55.0,0.212,2.0,1.06,87.32,96.07
C0035,economy,41.0,32496.67,1695.11,693.15,619.0,0.438,10.0,54.67,34.0,6.0,3.0,5.83,64.72,44.78,21.0,0.184,1.0,1.83,60.05,33.14
C0613,risk_group,31.0,15137.04,387.74,-148.08,466.0,0.718,3.0,37.77,36.0,8.0,5.0,4.53,31.53,77.74,11.0,0.142,2.0,2.46,60.6,27.1
C0061,economy,42.0,29264.34,1317.76,1049.62,599.0,0.426,2.0,33.2,19.0,16.0,5.0,7.89,59.76,33.56,7.0,0.135,0.0,1.95,55.86,35.34
C0073,economy,35.0,20375.16,804.05,648.86,555.0,0.533,1.0,29.73,18.0,0,3.0,7.07,47.9,40.54,5.0,0.088,1.0,2.33,54.06,29.24
C0008,economy,36.0,25749.19,714.01,1385.54,602.0,0.402,6.0,53.78,20.0,11.0,2.0,5.88,36.64,48.66,22.0,0.112,1.0,2.5,52.78,41.36
C0675,risk_group,29.0,22021.97,1123.12,122.07,487.0,0.61,3.0,34.14,33.0,29.0,4.0,3.26,30.1,91.53,3.0,0.307,2.0,3.14,44.4,48.08
C0236,standard,37.0,57910.49,2162.16,2978.99,675.0,0.306,21.0,50.42,80.0,50.0,2.0,7.31,75.78,11.13,40.0,0.245,4.0,1.18,81.72,80.39
C0022,economy,45.0,39737.65,1626.12,1320.38,660.0,0.326,6.0,37.76,27.0,13.0,3.0,6.65,62.23,40.58,18.0,0.208,3.0,1.52,59.78,41.47
C0347,standard,26.0,59423.77,2756.87,1338.0,639.0,0.4,9.0,84.25,47.0,30.0,2.0,8.12,62.43,22.45,30.0,0.225,1.0,1.04,64.99,55.35
C0580,risk_group,33.0,23209.31,1279.06,289.52,570.0,0.562,6.0,34.22,48.0,31.0,3.0,6.19,44.73,52.95,19.0,0.228,4.0,2.29,66.96,60.95
C0231,standard,34.0,37060.1,1239.65,1700.53,631.0,0.403,6.0,34.91,41.0,8.0,3.0,6.97,56.26,39.81,26.0,0.115,3.0,2.32,56.41,46.36
C0254,standard,36.0,44645.29,1762.14,2314.42,655.0,0.284,13.0,49.73,69.0,34.0,1.0,8.13,75.62,0,29.0,0.282,3.0,1.06,61.26,69.73
C0124,economy,37.0,32696.94,1136.91,1229.16,563.0,0.336,2.0,41.6,12.0,0,3.0,6.16,34.27,51.78,8.0,0.07,0,2.19,57.41,25.62
C0463,premium,44.0,75037.92,3230.73,3389.22,750.0,0.2,19.0,77.26,104.0,69.0,0.0,9.16,100,10.05,59.0,0.443,3.0,2.11,79.63,100
C0449,premium,31.0,56627.29,2050.62,3259.71,758.0,0.16,19.0,61.99,102.0,63.0,0,8.1,76.12,0.93,47.0,0.332,2.0,0.69,62.48,100
C0553,risk_group,39.0,9000,412.68,-713.7,450.0,0.775,0,35.39,10.0,7.0,5.0,2.55,25.45,97.4,1,0.182,2.0,3.83,45.78,23.15
C0647,risk_group,44.0,45065.51,1796.27,1491.35,579.0,0.482,11.0,31.05,37.0,21.0,1.0,4.47,51.73,63.64,35.0,0.331,4.0,3.21,61.34,31.31
C0320,standard,28.0,42798.72,1993.81,1923.91,589.0,0.43,18.0,43.32,80.0,56.0,2.0,6.75,64.22,26.56,40.0,0.392,3.0,2.25,58.99,67.74
C0206,standard,43.0,53744.74,2316.88,1868.92,638.0,0.396,11.0,35.69,58.0,34.0,2.0,7.91,77.01,23.28,44.0,0.177,3.0,2.59,53.2,53.18
C0607,risk_group,38.0,26644.33,1156.41,752.92,546.0,0.566,7.0,48.64,21.0,22.0,7.0,3.87,38.95,85.15,26.0,0.206,3.0,3.24,55.06,44.36
C0434,premium,45.0,59543.32,2161.13,3737.01,807.0,0.124,11.0,68.19,80.0,61.0,1.0,10,93.86,0,58.0,0.257,0,0.69,71.97,79.36
C0599,risk_group,35.0,45712.82,1482.17,2141.18,679.0,0.409,11.0,62.65,34.0,34.0,2.0,7.4,69.16,25.05,35.0,0.238,4.0,1.65,69.25,59.28
C0170,economy,41.0,28310.94,1462.78,133.42,603.0,0.483,9.0,42.29,53.0,29.0,3.0,6.66,50.72,47.5,26.0,0.183,3.0,2.42,65.43,57.01
C0487,premium,40.0,65016.62,2759.93,3512.06,748.0,0.146,24.0,64.74,87.0,73.0,0,9.31,94.71,0,45.0,0.344,4.0,1.3,100,100
C0132,economy,36.0,19426.11,391.53,1335.81,660.0,0.307,7.0,33.39,16.0,12.0,2.0,6.14,57.11,32.44,27.0,0.035,0,1.64,51.07,44.31
C0129,economy,35.0,22277.88,633.92,1342.65,613.0,0.483,3.0,33.7,22.0,9.0,2.0,5.67,46.63,46.9,8.0,0.193,2.0,2.29,50.36,34.29
C0071,economy,38.0,25028.12,901.31,962.5,507.0,0.643,3.0,44.98,24.0,11.0,4.0,5.01,43.18,56.02,21.0,0.152,2.0,2.42,27.95,32.01
C0498,premium,46.0,59068.19,2320.64,3004.67,753.0,0.282,13.0,59.28,64.0,35.0,3.0,8.51,81.11,10.38,35.0,0.257,1.0,2.89,73.46,67.04
C0088,economy,48.0,34967.98,1052.53,1879.48,590.0,0.404,6.0,38.17,19.0,9.0,2.0,5.58,41.64,41.07,20.0,0.235,1.0,2.45,62.09,40.14
C0650,risk_group,33.0,21832.3,842.93,200.66,530.0,0.589,0.0,40.4,12.0,0,6.0,3.65,15.41,80.2,9.0,0.165,2.0,3.43,43.51,39.78
C0247,standard,47.0,49860.21,1864.18,2808.93,678.0,0.162,11.0,56.67,64.0,27.0,3.0,7.08,62.86,16.51,35.0,0.207,2.0,1.37,60.55,55.91
C0060,economy,42.0,41711.16,1360.13,1996.83,633.0,0.336,8.0,46.71,45.0,33.0,2.0,7.22,55.06,24.19,25.0,0.196,1.0,3.01,69.1,56.5
C0246,standard,36.0,41557.96,1845.87,2066.91,626.0,0.299,15.0,58.0,76.0,57.0,1.0,9.28,71.37,4.82,46.0,0.34,4.0,1.32,82.09,83.78
C0315,standard,40.0,45697.32,1881.34,2387.11,694.0,0.335,17.0,56.7,84.0,66.0,2.0,7.7,84.86,13.58,45.0,0.425,4.0,0.94,83.59,100
C0372,premium,44.0,57420.78,2656.24,2540.67,607.0,0.337,11.0,55.1,68.0,42.0,3.0,8.08,62.29,19.17,41.0,0.263,2.0,2.98,56.67,69.22
C0568,risk_group,39.0,39145.88,1848.61,1012.68,534.0,0.434,5.0,64.03,51.0,32.0,14.0,0.7607562427719996,56.98,87.99990338187382,27.0,0.241,4.0,3.55,76.67,52.3
C0020,economy,32.0,22511.72,855.62,1123.41,564.0,0.505,8.0,39.84,25.0,1.0,3.0,5.82,52.02,48.53,22.0,0.148,2.0,1.39,49.08,32.12
C0501,premium,30.0,55394.07,2483.73,2441.82,680.0,0.268,18.0,72.77,87.0,56.0,2.0,8.53,81.32,15.99,45.0,0.388,4.0,2.44,66.82,82.48
C0332,standard,25.0,40667.27,1308.62,1897.49,558.0,0.321,10.0,49.2,45.0,43.0,2.0,8.49,80.06,21.05,30.0,0.369,1.0,1.13,68.2,83.0
C0001,economy,34.0,24705.49,781.78,623.51,513.0,0.513,0,46.96,0,12.0,4.0,5.14,29.6,60.27,7.0,0.177,1.0,2.79,48.14,23.36
C0544,risk_group,42.0,30415.13,1553.43,153.89,571.0,0.454,14.0,51.29,52.0,45.0,5.0,6.07,68.96,45.43,21.0,0.302,3.0,2.76,73.31,62.17
C0166,economy,31.0,28107.8,1082.92,1193.74,556.0,0.433,1.0,35.72,25.0,14.0,3.0,5.34,37.66,46.65,19.0,0.121,0.0,2.79,45.42,35.19
C0383,premium,33.0,,1693.58,2561.39,710.0,0.266,16.0,46.69,68.0,55.0,1.0,8.73,73.34,4.89,41.0,0.338,3.0,1.29,65.77,73.71
C0583,risk_group,46.0,40162.56,1921.01,1313.52,556.0,0.473,6.0,38.97,35.0,21.0,4.0,5.53,48.41,61.5,18.0,0.083,3.0,3.62,57.72,36.43
C0679,risk_group,32.0,29599.38,1045.67,654.5,592.0,0.493,9.0,36.05,23.0,18.0,4.0,6.15,51.49,51.5,15.0,0.178,4.0,2.42,46.85,37.68
C0677,risk_group,49.0,40813.81,1751.7,1301.08,574.0,0.594,5.0,47.7,19.0,15.0,6.0,4.92,33.29,69.28,24.0,0.028,3.0,2.89,54.55,24.39
C0306,standard,44.0,34760.13,1588.63,1110.78,570.0,0.308,11.0,38.62,45.0,28.0,4.0,8.33,67.69,23.08,20.0,0.27,4.0,2.33,40.32,62.11
C0109,economy,35.0,32760.87,1137.4,1366.47,572.0,0.495,3.0,34.84,33.0,21.0,3.0,5.69,30.45,51.51,16.0,0.134,1.0,2.45,57.35,37.83
C0520,premium,38.0,64454.04,2431.36,3730.89,735.0,0.089,21.0,71.19,87.0,64.0,1.0,10,86.96,0,54.0,0.271,4.0,1.51,70.91,81.28
C0183,standard,37.0,23879.35,877.6,953.96,653.0,0.366,7.0,42.36,67.0,39.0,2.0,7.75,64.12,16.69,19.0,0.174,2.0,1.9,64.68,64.1
C0513,premium,38.0,65442.74,2758.51,3134.34,689.0,0.292,20.0,62.31,88.0,59.0,1.0,8.47,70.86,4.63,57.0,0.398,3.0,1.77,76.5,97.61
C0594,risk_group,35.0,31309.47,1338.97,560.8,545.0,0.605,10.0,55.02,47.0,22.0,4.0,5.03,51.57,53.06,20.0,0.364,3.0,2.54,63.85,47.68
C0004,economy,30.0,15748.9,1008.87,165.63,620.0,0.31,4.0,45.34,9.0,6.0,3.0,6.23,46.53,40.43,16.0,0,0.0,1.87,37.69,25.08
C0633,risk_group,38.0,39353.29,2056.24,922.0,547.0,0.561,10.0,33.72,64.0,44.0,6.0,5.99,55.51,56.86,33.0,0.38,3.0,2.92,59.15,69.09
C0162,economy,40.0,11264.74,350.48,-9.09,548.0,0.378,9.0,34.07,21.0,15.0,3.0,7.64,56.53,31.53,13.0,0.17,3.0,1.35,43.87,33.05
C0446,premium,36.0,77435.0,3674.54,3293.91,771.0,0.211,20.0,62.09,99.0,73.0,1.0,8.86,92.22,0,62.0,0.391,3.0,1.19,74.72,100
C0648,risk_group,26.0,34205.18,1707.75,648.45,498.0,0.649,16.0,50.65,78.0,50.0,5.0,5.43,57.5,61.23,25.0,0.302,4.0,3.92,68.58,86.25
C0699,risk_group,35.0,40606.82,1750.35,950.89,523.0,0.638,3.0,38.94,32.0,32.0,4.0,3.12,20.34,74.13,25.0,0.254,3.0,3.8,65.35,49.71
C0668,risk_group,26.0,25670.85,1046.85,319.08,522.0,0.644,16.0,49.86,66.0,53.0,4.0,5.62,47.86,68.48,28.0,0.332,4.0,4.0,77.61,79.33
C0627,risk_group,39.0,34236.42,1909.8,747.1,561.0,0.438,8.0,32.43,46.0,31.0,3.0,5.47,60.55,40.78,11.0,0.165,1.0,2.92,54.73,51.42
C0653,risk_group,42.0,42919.71,1689.42,2672.29,641.0,0.503,7.0,60.94,52.0,39.0,5.0,4.9,41.83,49.29,21.0,0.25,2.0,4.03,79.64,53.92
C0118,economy,37.0,28974.56,1064.42,1176.67,601.0,0.309,11.0,38.36,39.0,16.0,1.0,5.97,49.36,36.06,33.0,0.118,2.0,2.56,33.89,35.01
C0012,economy,44.0,27959.0,1032.03,1193.51,674.0,0.218,6.0,44.92,50.0,20.0,1.0,8.55,50.51,3.05,24.0,0.136,0.0,2.35,61.25,42.78
C0567,risk_group,21.0,29264.66,1459.48,303.77,586.0,0.574,9.0,32.16,50.0,18.0,5.0,5.59,58.34,53.81,21.0,0.3,3.0,2.67,43.41,58.21
C0258,standard,41.0,33075.73,962.82,1890.75,672.0,0.259,8.0,43.85,58.0,40.0,2.0,8.53,72.4,8.28,30.0,0.152,1.0,2.55,72.51,73.14
C0542,risk_group,46.0,40549.92,1847.08,1399.78,566.0,0.559,8.0,56.12,51.0,15.0,3.0,4.63,56.17,56.87,12.0,0.266,2.0,1.8,74.37,54.25
C0480,premium,31.0,38756.78,1805.98,1638.11,706.0,0.263,16.0,27.55,57.0,51.0,1.0,9.45,84.22,0,29.0,0.179,2.0,0.79,71.21,59.13
C0391,premium,48.0,72209.79,2868.47,3507.36,767.0,0.139,20.0,80.33,99.0,,2.0,9.52,85.73,2.74,55.0,0.371,5.0,1.24,84.94,100
C0395,premium,36.0,51163.56,1997.94,2859.38,716.0,0.064,17.0,42.56,72.0,53.0,1.0,9.88,90.52,0,52.0,0.35,0.0,0.47,79.71,90.16
C0066,economy,24.0,12955.75,350.32,475.36,513.0,0.381,11.0,27.58,149.0,116.0,0.0,6.48,45.16,23.79,25.0,0.176,2.0,0.79,53.13,78.16686121025111
C0669,risk_group,37.0,39599.47,1441.35,1653.99,557.0,0.373,9.0,41.3,67.0,35.0,3.0,5.88,48.15,49.21,27.0,0.225,2.0,4.11,75.43,62.86
C0670,risk_group,33.0,29988.79,1568.51,103.09,508.0,0.61,10.0,41.8,62.0,52.0,5.0,3.75,32.66,71.95,32.0,0.284,3.0,3.09,64.03,74.86
C0157,economy,29.0,9000,324.38,-52.88,483.0,0.595,0,30.08,15.0,0,3.0,4.53,33.94,54.93,1,0.059,2.0,3.1,28.18,12.48
C0113,economy,43.0,25185.48,1012.08,977.74,624.0,0.29,5.0,18.09,19.0,0,4.0,7.07,51.89,41.19,10.0,0.216,2.0,1.96,61.34,21.98
C0049,economy,44.0,22721.7,435.25,1145.93,626.0,0.4,1.0,33.2,20.0,0,3.0,5.74,36.9,40.1,22.0,0.076,2.0,3.32,53.54,18.64
C0094,economy,30.0,20031.16,680.32,327.17,460.0,0.641,0,39.4,18.0,0,5.0,2.81,22.27,88.33,23.0,0.083,3.0,4.21,45.09,31.85
C0506,premium,39.0,60114.25,2289.33,2996.66,721.0,0.309,20.0,58.74,103.0,66.0,0.0,8.3,63.55,16.52,50.0,0.34,3.0,1.74,85.49,100
C0522,premium,47.0,59645.55,2130.68,2992.82,699.0,0.287,8.0,67.27,60.0,40.0,2.0,7.23,67.81,29.7,31.0,0.157,2.0,2.0,69.57,60.66
C0142,economy,31.0,9000,250,366.84,485.0,0.444,3.0,40.89,0,0,4.0,6.8,40.3,36.09,18.0,0.192,2.0,2.19,34.42,18.34
C0616,risk_group,41.0,9207.26,557.35,-830.36,496.0,0.747,5.0,31.44,42.0,25.0,6.0,4.45,,70.04,3.0,0.209,2.0,3.12,55.93,65.82
C0645,risk_group,32.0,33599.41,1691.14,896.35,523.0,0.702,6.0,43.94,52.0,33.0,6.0,3.14,34.81,89.23,16.0,0.292,3.0,3.17,76.4,53.95
C0409,premium,35.0,47729.01,2177.08,1721.58,649.0,0.377,16.0,49.16,77.0,58.0,2.0,7.33,85.05,27.92,34.0,0.352,3.0,2.41,69.89,91.75
C0439,premium,40.0,48725.23,1853.74,2513.58,724.0,0.256,16.0,49.49,64.0,58.0,2.0,,82.46,3.58,48.0,0.166,3.0,2.01,67.4,74.21
C0270,standard,42.0,45918.87,1977.8,1788.29,658.0,0.317,19.0,43.09,75.0,72.0,2.0,7.33,77.15,18.3,37.0,0.431,5.0,3.12,77.75,100
C0552,risk_group,33.0,32677.38,1507.51,701.23,548.0,0.714,12.0,37.21,54.0,21.0,5.0,5.06,47.94,71.56,13.0,0.372,5.0,3.4,54.76,60.22
C0680,risk_group,27.0,29434.55,1228.86,573.2,468.0,0.545,10.0,41.83,58.0,27.0,4.0,5.01,59.23,67.96,24.0,0.278,2.0,4.19,64.89,64.41
C0253,standard,24.0,30149.28,909.1,1760.72,640.0,0.287,9.0,38.76,31.0,37.0,2.0,7.91,53.7,16.8,16.0,0.167,1.0,2.68,57.06,59.54
C0694,risk_group,25.0,22984.64,1083.72,352.66,490.0,0.693,6.0,37.95,35.0,12.0,3.0,3.88,39.7,75.5,15.0,0.207,2.0,3.21,46.2,40.07
C0272,standard,50.0,55396.78,2189.62,2469.26,652.0,0.357,9.0,50.82,64.0,46.0,3.0,6.34,53.49,37.15,35.0,0.233,3.0,1.21,69.31,72.59
C0147,economy,25.0,19725.17,429.2,814.59,589.0,0.447,4.0,40.18,13.0,3.0,4.0,5.13,38.41,59.08,16.0,0.175,1.0,2.99,44.62,34.87
C0470,premium,44.0,73938.79,2878.73,3762.4,767.0,0.103,13.0,57.26,74.0,62.0,0,9.72,93.43,0,60.0,0.284,1.0,0.68,74.96,80.73
C0406,premium,44.0,67510.42,2830.7,3271.22,753.0,0.217,23.0,51.43,94.0,72.0,0.0,9.56,94.32,0,38.0,0.306,4.0,0,99.99,100
C0512,premium,50.0,80143.72,2775.71,4452.39,828.0,0.104,14.0,49.74,71.0,51.0,0,9.66,94.34,0,38.0,0.202,2.0,1.43,82.84,82.8
C0218,standard,35.0,35497.78,1454.4,1275.09,599.0,0.299,16.0,49.43,76.0,45.0,1.0,7.29,79.18,7.07,36.0,0.233,3.0,1.56,62.32,85.53
C0323,standard,39.0,58581.62,2529.23,2648.67,773.0,0.257,17.0,59.57,81.0,59.0,3.0,8.93,88.51,0,43.0,0.274,2.0,0.81,53.78,94.07
C0581,risk_group,36.0,17485.5,877.18,191.38,501.0,0.626,4.0,28.0,14.0,15.0,5.0,4.19,27.51,69.0,8.0,0.128,1.0,3.95,59.95,23.23
C0217,standard,32.0,49048.86,2031.63,1764.53,591.0,0.341,12.0,47.06,83.0,62.0,2.0,7.19,76.29,27.06,33.0,0.336,3.0,,69.66,90.94
C0068,economy,34.0,32496.93,1257.01,1173.14,552.0,0.545,6.0,43.41,29.0,10.0,4.0,5.15,42.11,52.7,13.0,0.136,2.0,3.33,51.77,37.47
C0275,standard,39.0,43949.31,1701.53,1852.8,634.0,0.331,10.0,61.99,61.0,51.0,3.0,9.66,67.86,15.56,28.0,0.271,2.0,1.55,74.97,66.84
C0411,premium,54.0,53240.07,2447.14,2011.33,711.0,0.187,12.0,58.89,54.0,40.0,2.0,7.47,65.18,24.03,33.0,0.286,3.0,0.7,78.36,77.29
C0324,standard,47.0,44916.82,1661.22,1913.56,620.0,0.294,16.0,55.73,57.0,47.0,3.0,8.96,97.6,6.87,54.0,0.26,3.0,2.35,57.99,73.29
C0688,risk_group,35.0,29915.81,1235.8,530.79,507.0,0.615,3.0,30.34,35.0,11.0,5.0,4.5,25.37,64.1,15.0,0.173,3.0,1.77,54.94,23.8
C0235,standard,44.0,33215.7,1519.63,1161.97,604.0,0.36,8.0,31.51,46.0,25.0,3.0,6.82,54.18,27.21,24.0,0.243,1.0,2.29,59.87,46.41
C0058,economy,33.0,13988.86,450.93,445.43,567.0,0.391,10.0,31.17,47.0,25.0,2.0,7.42,45.12,40.14,23.0,0.16,4.0,2.36,57.92,50.52
C0333,standard,37.0,42704.43,1473.7,2273.91,665.0,0.396,9.0,43.89,142.0,102.0,1.0,6.23,55.73,31.12,27.0,0.222,2.0,1.98,55.0,69.15282057742607
C0225,standard,30.0,64325.7,2605.04,2756.09,681.0,0.301,11.0,50.66,39.0,38.0,1.0,8.83,66.63,0,41.0,0.297,1.0,2.26,72.61,72.9
C0571,risk_group,29.0,30280.68,1028.62,1075.83,582.0,0.533,2.0,39.69,17.0,9.0,4.0,6.4,56.97,52.13,21.0,0.15,2.0,2.81,54.47,40.75
C0277,standard,40.0,48188.43,1988.41,2124.72,639.0,0.154,15.0,45.45,71.0,43.0,0.0,9.06,80.52,2.03,45.0,0.304,4.0,1.29,69.14,68.29
C0389,premium,46.0,66348.93,2822.15,2779.54,727.0,0.227,16.0,61.07,77.0,52.0,2.0,7.47,73.21,23.06,46.0,0.298,5.0,0.79,69.47,93.55
C0474,premium,44.0,61130.13,1982.25,4218.72,838.0,0.02,19.0,59.68,89.0,63.0,1.0,10,85.92,0,45.0,0.311,2.0,0.94,97.62,89.51
C0168,economy,39.0,54144.89,2115.62,2367.55,656.0,0.376,16.0,73.06,66.0,44.0,,7.24,74.24,30.47,32.0,0.305,5.0,2.7,72.2,68.9
C0696,risk_group,45.0,30664.63,1541.79,746.38,536.0,0.544,13.0,40.58,59.0,40.0,,5.65,57.26,48.29,22.0,0.271,4.0,3.41,54.6,66.59
C0547,risk_group,36.0,21863.24,907.3,923.3,500.0,0.586,15.0,42.5,76.0,58.0,3.0,5.87,65.84,40.82,32.0,0.388,4.0,3.7,67.66,70.09
C0176,standard,33.0,34764.51,1180.85,1741.54,671.0,0.327,12.0,39.03,58.0,24.0,1.0,8.95,79.13,7.42,26.0,0.227,3.0,1.53,67.11,67.1
C0624,risk_group,36.0,39123.9,1801.95,903.54,581.0,0.612,4.0,52.73,23.0,0,4.0,5.25,43.11,65.06,19.0,0,1.0,1.48,47.34,23.61
C0074,economy,29.0,28753.19,1278.5,1007.05,600.0,0.437,6.0,31.27,36.0,22.0,4.0,5.72,45.63,51.18,14.0,0.321,1.0,2.88,69.95,45.51
C0274,standard,35.0,51524.49,2226.83,2358.43,687.0,0.285,12.0,42.67,34.0,8.0,2.0,8.45,57.36,6.78,22.0,0.107,2.0,1.1,53.38,31.38
C0215,standard,34.0,43202.23,1528.18,2133.57,638.0,0.239,14.0,45.85,41.0,32.0,2.0,5.99,59.31,27.3,41.0,0.259,2.0,1.54,64.73,63.01
C0364,premium,50.0,72578.98,2778.43,3947.09,817.0,0.02,19.0,71.22,99.0,72.0,0,9.99,87.86,0,47.0,0.262,1.0,1.65,81.68,100
C0380,premium,38.0,58421.5,2607.78,2494.61,716.0,0.229,17.0,50.56,101.0,86.0,1.0,8.95,100,0,49.0,0.342,3.0,1.8,100,100
C0167,economy,48.0,18585.63,353.49,1191.36,572.0,0.384,4.0,36.15,44.0,23.0,4.0,5.11,31.33,31.5,10.0,0.217,2.0,2.18,58.25,38.88
C0374,premium,39.0,56467.86,2269.75,3251.61,767.0,0.122,16.0,61.95,100.0,59.0,0,8.99,79.53,0,48.0,0.249,1.0,1.6,71.62,88.19
C0465,premium,39.0,54846.21,2064.78,2484.39,696.0,0.198,22.0,61.86,96.0,60.0,0,9.43,92.98,0,44.0,0.293,4.0,0.97,71.34,91.56
C0667,risk_group,44.0,42555.04,2023.84,1062.63,628.0,0.462,14.0,59.52,69.0,41.0,3.0,5.54,51.79,35.17,27.0,0.271,3.0,2.58,64.15,59.65
C0661,risk_group,39.0,30526.19,1220.05,637.33,526.0,0.708,8.0,47.43,50.0,38.0,6.0,5.57,41.43,57.41,29.0,0.3,2.0,2.79,69.83,69.51
C0104,economy,39.0,31091.2,1478.4,708.51,588.0,0.501,10.0,47.45,48.0,31.0,3.0,5.75,52.39,36.16,23.0,0.237,2.0,2.46,60.4,62.44
C0684,risk_group,36.0,37436.58,1806.13,843.54,,0.622,7.0,32.06,43.0,36.0,7.0,4.56,47.17,82.61,12.0,0.281,5.0,3.58,76.49,65.05
C0082,economy,44.0,41954.4,1607.82,2285.38,647.0,0.366,3.0,42.22,30.0,14.0,2.0,6.65,40.16,31.73,26.0,0.163,1.0,2.09,55.94,29.48
C0297,standard,39.0,47011.43,1930.18,2122.27,668.0,0.338,20.0,55.07,70.0,53.0,4.0,8.7,96.88,16.21,43.0,0.338,4.0,0.78,70.11,92.92
C0234,standard,37.0,42393.97,1563.89,2579.84,657.0,0.276,10.0,54.19,61.0,31.0,2.0,6.47,59.4,29.09,40.0,0.179,1.0,1.27,52.9,70.49
C0047,economy,36.0,18388.43,907.03,92.54,602.0,0.562,5.0,47.19,31.0,20.0,4.0,4.87,35.8,64.25,14.0,0.162,1.0,3.08,69.56,32.68
C0072,economy,48.0,10007.58,335.29,47.7,533.0,0.511,0,34.81,0,0,4.0,4.94,28.66,63.6,1,0,1.0,3.65,21.48,0
C0197,standard,38.0,41682.69,1892.22,1760.65,673.0,0.278,14.0,52.89,76.0,38.0,1.0,7.85,73.87,21.21,33.0,0.259,2.0,,68.06,82.71
C0592,risk_group,47.0,46206.53,2003.7,1232.74,501.0,0.671,8.0,52.63,42.0,43.0,3.0,4.51,44.47,60.6,27.0,0.266,3.0,2.88,58.92,55.13
C0371,premium,44.0,84032.82,3698.6,3488.3,809.0,0.257,18.0,73.3,83.0,66.0,0,8.16,94.92,4.99,56.0,0.264,5.0,2.37,78.56,87.42
C0634,risk_group,31.0,43244.54,2088.36,1038.13,533.0,0.729,9.0,41.87,39.0,26.0,6.0,3.66,47.78,88.66,15.0,0.276,4.0,4.13,81.78,43.99
C0644,risk_group,39.0,24289.27,1130.8,291.02,527.0,0.674,9.0,25.24,53.0,35.0,4.0,4.95,38.55,55.24,14.0,0.223,3.0,2.76,50.35,52.6
C0301,standard,39.0,60578.37,2280.66,3128.47,713.0,0.264,13.0,61.49,43.0,47.0,2.0,8.72,75.11,4.57,54.0,0.133,3.0,0.79,69.73,63.84
C0566,risk_group,20.0,15707.63,891.56,-480.85,440.0,0.819,11.0,38.03,52.0,12.0,4.0,3.78,33.14,77.51,1,0.286,4.0,4.71,51.1,45.38
C0081,economy,40.0,9031.51,261.47,187.61,599.0,0.642,5.0,30.33,27.0,20.0,3.0,6.8,42.85,46.82,11.0,0.175,2.0,2.21,51.35,29.97
C0388,premium,33.0,67864.15,2650.72,3217.24,736.0,0.112,21.0,61.72,84.0,71.0,0,9.56,95.75,0,48.0,0.36,2.0,0.89,82.54,100
C0128,economy,37.0,37613.47,1104.22,2043.02,578.0,0.465,5.0,32.63,20.0,0,4.0,6.19,48.58,49.96,16.0,0.126,1.0,1.97,56.1,35.62
C0550,risk_group,44.0,11468.1,433.17,-150.51,465.0,0.677,1.0,29.5,40.0,12.0,3.0,5.05,45.75,66.21,7.0,0.232,1.0,3.77,60.41,22.61
C0471,premium,50.0,90505.84,3880.29,4725.58,850,0.039,26.0,71.78,117.0,88.0,1.0,10,99.18,0,65.0,0.462,3.0,1.34,99.51,100
C0045,economy,36.0,19962.63,570.13,662.92,542.0,0.555,4.0,29.62,18.0,21.0,3.0,2.84,25.19,80.17,1,0.125,2.0,4.17,61.62,36.39
C0271,standard,34.0,38930.81,1052.36,2707.35,645.0,0.263,9.0,53.23,46.0,21.0,2.0,6.61,53.08,12.17,22.0,0.216,0,0.81,63.35,51.43
C0619,risk_group,35.0,38083.69,1007.95,2221.08,582.0,0.502,5.0,43.11,52.0,18.0,4.0,6.6,47.43,52.04,36.0,0.298,3.0,3.41,64.01,64.66
C0353,premium,43.0,66809.45,2689.12,3323.36,755.0,0.028,18.0,59.02,83.0,72.0,1.0,9.59,96.06,0,48.0,0.303,3.0,1.54,98.07,100
C0368,premium,35.0,72431.57,2587.67,4179.22,850.0,0.02,18.0,61.59,86.0,77.0,0,10,88.44,0,57.0,0.284,3.0,0.86,99.16,98.4
C0100,economy,40.0,30514.75,1155.82,1359.77,603.0,0.433,11.0,31.54,57.0,42.0,2.0,6.21,51.38,39.65,24.0,0.324,3.0,1.57,72.84,72.89
C0390,premium,40.0,59688.12,2368.73,2896.93,710.0,0.213,19.0,56.69,100.0,75.0,3.0,8.99,82.9,4.47,46.0,0.356,3.0,1.68,100,100
C0095,economy,40.0,28200.05,1148.76,952.05,562.0,0.543,0,37.09,5.0,0,6.0,4.3,34.17,71.73,16.0,0.011,1.0,3.32,53.8,15.71
C0693,risk_group,36.0,34260.8,1532.07,674.17,598.0,0.574,12.0,39.39,54.0,34.0,5.0,6.54,57.03,37.98,34.0,0.293,3.0,3.2,49.45,66.61
C0345,standard,36.0,55649.12,2379.12,1828.11,658.0,0.293,17.0,45.5,72.0,46.0,1.0,10,89.18,9.65,45.0,0.363,4.0,1.89,75.77,91.85
C0221,standard,37.0,36958.3,1416.66,2046.22,662.0,0.344,8.0,43.74,85.0,38.0,3.0,8.48,71.15,10.66,16.0,0.293,1.0,2.17,54.54,67.84
C0160,economy,31.0,9828.91,250,,504.0,0.556,0,28.89,23.0,6.0,4.0,5.81,34.38,40.15,7.0,0.192,2.0,3.3,42.07,30.21
C0672,risk_group,33.0,25787.58,1212.72,409.56,516.0,0.694,15.0,39.82,61.0,59.0,3.0,4.36,51.09,69.28,13.0,0.265,4.0,4.16,82.93,79.94
C0349,standard,39.0,44089.71,1523.65,,687.0,0.286,16.0,51.88,84.0,48.0,1.0,7.45,70.5,0.42,35.0,0.258,2.0,1.14,73.7,78.17
C0689,risk_group,42.0,39103.8,1537.59,1355.69,555.0,0.455,9.0,53.21,62.0,48.0,3.0,6.73,70.52,35.71,20.0,0.281,1.0,4.23,76.56,80.47
C0164,economy,39.0,48647.49,1864.61,2227.68,605.0,0.435,4.0,32.35,32.0,6.0,3.0,5.07,44.61,54.02,20.0,0.128,2.0,3.42,55.4,17.59
C0007,economy,30.0,26159.92,1402.36,462.15,558.0,0.496,10.0,32.02,29.0,15.0,1.0,5.57,35.57,39.71,15.0,0.182,4.0,1.71,60.71,40.02
C0285,standard,33.0,39055.44,1448.58,1689.89,618.0,0.182,15.0,31.43,60.0,32.0,1.0,9.34,66.93,9.67,39.0,0.123,5.0,1.79,40.16,48.32
C0604,risk_group,27.0,9232.32,381.49,-756.51,425.0,0.817,8.0,41.92,51.0,35.0,6.0,3.68,32.03,98.63,11.0,0.278,5.0,4.32,58.38,53.23
C0460,premium,59.0,76877.52,2915.93,4095.19,794.0,0.033,16.0,58.11,69.0,69.0,1.0,10,100,0,41.0,0.214,2.0,0.7,80.66,80.95
C0226,standard,33.0,20706.83,833.26,937.04,565.0,0.388,12.0,22.85,77.0,37.0,3.0,6.75,68.18,35.37,26.0,0.227,3.0,1.15,70.44,63.48
C0430,premium,36.0,62028.05,2590.49,2992.98,662.0,0.206,13.0,57.42,88.0,50.0,1.0,9.02,91.81,4.25,50.0,0.25,4.0,3.16,78.66,68.57
C0692,risk_group,30.0,20266.09,1134.78,-273.95,498.0,0.595,2.0,31.97,50.0,26.0,5.0,4.34,43.79,72.89,15.0,0.205,4.0,3.07,52.21,54.75
C0666,risk_group,36.0,82702.07,3590.03,925.47,601.0,0.628,8.0,94.12,37.0,27.0,4.0,6.19,60.21,49.42,30.0,0.322,3.0,2.54,58.01,46.38
C0204,standard,36.0,38312.02,1720.6,1229.25,562.0,0.364,12.0,46.21,52.0,39.0,4.0,7.26,57.65,24.7,26.0,0.335,2.0,2.17,61.91,71.49
C0575,risk_group,26.0,36026.48,1441.18,1336.24,588.0,0.273,12.0,43.12,52.0,50.0,1.0,6.3,46.57,34.16,23.0,0.272,2.0,1.68,81.43,83.76
C0028,economy,28.0,9000,250,-76.43,517.0,0.386,6.0,24.85,27.0,0,3.0,6.53,28.92,42.95,17.0,0.073,3.0,2.76,39.37,32.03
C0617,risk_group,34.0,51280.72,2362.88,1917.17,623.0,0.408,13.0,54.78,59.0,28.0,3.0,5.87,57.03,42.38,37.0,0.383,3.0,3.03,69.2,74.71
C0518,premium,42.0,52114.58,2129.81,1928.48,636.0,0.455,12.0,47.05,72.0,47.0,2.0,8.47,80.78,14.74,36.0,0.272,4.0,1.99,57.73,75.45
C0239,standard,39.0,43445.64,1572.53,1513.09,646.0,0.403,11.0,45.29,43.0,29.0,2.0,6.36,52.81,34.15,27.0,0.211,3.0,1.77,73.78,58.61
C0224,standard,45.0,53070.03,2160.09,1872.33,630.0,0.313,11.0,46.46,49.0,26.0,2.0,7.52,71.39,18.26,43.0,0.182,1.0,2.39,51.81,59.14
C0096,economy,21.0,22276.54,712.26,767.56,572.0,0.341,7.0,20.49,45.0,,2.0,6.13,46.49,32.72,23.0,0.197,1.0,2.1,52.4,55.13
C0031,economy,33.0,30272.27,1160.94,822.99,571.0,0.453,2.0,38.24,20.0,0,4.0,5.93,52.67,56.33,13.0,0.03,1.0,2.62,33.89,15.3
C0033,economy,33.0,13796.92,584.87,560.05,584.0,0.338,0,38.84,11.0,4.0,1.0,4.77,39.01,54.75,8.0,0,0.0,2.61,33.65,30.89
C0433,premium,46.0,59217.33,2234.26,2967.64,770.0,0.187,17.0,51.0,61.0,55.0,1.0,9.66,70.25,0,41.0,0.297,2.0,1.38,79.05,76.12
C0605,risk_group,35.0,34328.27,1664.87,830.96,558.0,0.604,9.0,33.91,60.0,23.0,3.0,4.33,49.18,51.63,19.0,0.282,3.0,2.54,54.53,48.92
C0090,economy,32.0,32860.81,1650.86,613.92,550.0,0.51,4.0,38.04,25.0,0,3.0,5.31,39.0,60.23,9.0,0.192,1.0,2.44,52.62,32.29
C0559,risk_group,31.0,41304.52,2034.76,952.19,550.0,0.555,17.0,52.74,70.0,54.0,4.0,6.33,63.83,45.3,33.0,0.359,5.0,3.36,73.09,88.03
C0105,economy,40.0,11703.77,250,-98.54,490.0,0.574,0,22.81,0,0,5.0,3.89,22.74,70.34,3.0,0.056,2.0,2.05,38.28,15.52
C0143,economy,41.0,43652.03,1743.76,1738.29,692.0,0.313,10.0,54.89,30.0,27.0,2.0,5.98,,48.47,12.0,0.183,2.0,1.96,64.46,41.25
C0229,standard,39.0,67744.9,2430.03,3469.47,803.0,0.103,15.0,65.19,58.0,28.0,1.0,9.21,83.18,0,43.0,0.158,3.0,1.42,68.68,63.61
C0251,standard,39.0,42030.95,1489.32,2506.21,727.0,0.225,15.0,52.66,62.0,45.0,1.0,8.92,63.27,0,40.0,0.196,1.0,2.17,70.74,69.68
C0282,standard,44.0,27580.46,1096.59,985.08,616.0,0.451,15.0,37.15,57.0,47.0,1.0,6.45,65.09,29.49,41.0,0.363,2.0,1.87,45.3,67.19
C0026,economy,37.0,31811.36,1261.07,1454.64,621.0,0.353,8.0,38.86,29.0,32.0,1.0,6.51,50.29,37.04,24.0,0.256,1.0,2.29,47.5,62.69
C0115,economy,36.0,28859.14,1226.62,1043.52,535.0,0.351,6.0,38.11,14.0,18.0,4.0,6.82,50.45,34.0,11.0,0.13,2.0,1.52,45.19,28.0
C0655,risk_group,27.0,9000,250,45.05,459.0,0.651,9.0,29.54,37.0,24.0,5.0,4.44,36.52,63.15,2.0,0.157,5.0,2.79,42.86,32.24
